{"type":"FeatureCollection","features":[{"type":"Feature","properties":{"name":"Batu Aji"},"geometry":{"type":"MultiPolygon","coordinates":[[[[104.00773,1.05058],[104.00772,1.05064],[104.00709,1.05158],[104.00701,1.05398],[104.00521,1.0557],[104.00463,1.05625],[104.00419,1.06364],[103.9988,1.06233],[103.99454,1.0636],[103.99328,1.06489],[103.98686,1.06948],[103.98396,1.07143],[103.97461,1.06959],[103.97418,1.06841],[103.9695,1.06403],[103.96397,1.05876],[103.95772,1.05449],[103.95684,1.05395],[103.95598,1.05378],[103.95399,1.05363],[103.95203,1.05275],[103.95215,1.05255],[103.95253,1.05131],[103.95331,1.04934],[103.95405,1.04738],[103.95485,1.0467],[103.95568,1.04651],[103.95734,1.04642],[103.95998,1.04618],[103.96273,1.04593],[103.9654,1.04565],[103.96758,1.04542],[103.96988,1.0452],[103.97195,1.04495],[103.97438,1.04467],[103.97749,1.04431],[103.97904,1.04415],[103.97992,1.04392],[103.98021,1.04366],[103.98274,1.04217],[103.98514,1.0407],[103.98584,1.04038],[103.98636,1.04038],[103.9871,1.04066],[103.98865,1.04153],[103.98924,1.04185],[103.98989,1.04195],[103.99096,1.04153],[103.99261,1.04082],[103.99461,1.04],[103.99647,1.0389],[103.99657,1.03883],[103.99732,1.03869],[103.99781,1.03886],[103.99853,1.03939],[104.00088,1.04092],[104.00317,1.04246],[104.00427,1.04318],[104.00525,1.04406],[104.00557,1.04467],[104.0061,1.04615],[104.00696,1.04848],[104.00771,1.05052],[104.00773,1.05058]]],[[[103.95209,1.05266],[103.95215,1.05288],[103.95136,1.05437],[103.95029,1.05529],[103.94847,1.05644],[103.94567,1.05703],[103.94411,1.05718],[103.94217,1.05729],[103.93898,1.05738],[103.93687,1.05747],[103.93384,1.05827],[103.93351,1.05848],[103.93199,1.06006],[103.92951,1.06267],[103.92801,1.06418],[103.92781,1.065],[103.92771,1.06576],[103.92797,1.0666],[103.92895,1.068],[103.93,1.06934],[103.93051,1.07028],[103.93092,1.07126],[103.93114,1.07228],[103.93166,1.07333],[103.93172,1.07371],[103.92839,1.07426],[103.92686,1.07442],[103.92633,1.0743],[103.92581,1.07382],[103.92569,1.07357],[103.92549,1.07296],[103.9252,1.07229],[103.92454,1.07153],[103.9241,1.07123],[103.92367,1.07122],[103.9236,1.07133],[103.9243,1.07277],[103.92479,1.0738],[103.92373,1.07406],[103.92356,1.07421],[103.92355,1.07445],[103.9238,1.07497],[103.92393,1.07525],[103.92401,1.07553],[103.92403,1.07583],[103.92392,1.07614],[103.92295,1.07663],[103.92143,1.07778],[103.92219,1.07928],[103.9228,1.0805],[103.92355,1.08197],[103.92262,1.0825],[103.92193,1.08144],[103.92018,1.08234],[103.92089,1.08346],[103.92115,1.08334],[103.92137,1.08385],[103.92069,1.0842],[103.91989,1.08321],[103.91911,1.08348],[103.9177,1.08125],[103.91742,1.08082],[103.91683,1.0811],[103.91659,1.08146],[103.91744,1.08293],[103.91818,1.08421],[103.91702,1.08491],[103.91649,1.08523],[103.91628,1.08495],[103.91548,1.08546],[103.91464,1.08454],[103.91414,1.08435],[103.914,1.08392],[103.9138,1.08375],[103.91316,1.08392],[103.91241,1.08344],[103.91217,1.08351],[103.91177,1.08449],[103.91161,1.08476],[103.91071,1.08479],[103.91054,1.08498],[103.91081,1.08549],[103.91082,1.08596],[103.91026,1.0865],[103.90994,1.08695],[103.90971,1.087],[103.9096,1.0873],[103.90913,1.0879],[103.90915,1.08813],[103.91002,1.08849],[103.91035,1.08842],[103.91045,1.08813],[103.91188,1.08738],[103.91244,1.0873],[103.91237,1.08701],[103.91384,1.08652],[103.9144,1.08681],[103.91502,1.08692],[103.91536,1.08707],[103.91563,1.08726],[103.91593,1.08767],[103.91617,1.08889],[103.91608,1.0893],[103.91559,1.08938],[103.91458,1.08932],[103.91433,1.08862],[103.91208,1.0887],[103.91212,1.08887],[103.91151,1.0891],[103.91192,1.09069],[103.91531,1.09083],[103.91558,1.09098],[103.9158,1.09131],[103.91588,1.09278],[103.91587,1.09429],[103.91571,1.09486],[103.91554,1.09511],[103.91537,1.09518],[103.91523,1.09526],[103.91506,1.09526],[103.91478,1.09501],[103.91436,1.09406],[103.91424,1.09356],[103.91387,1.09112],[103.91183,1.09103],[103.9119,1.0929],[103.91195,1.09398],[103.91178,1.09406],[103.91214,1.09551],[103.91225,1.09599],[103.91175,1.09613],[103.91181,1.09648],[103.91237,1.09633],[103.91278,1.09728],[103.91259,1.09753],[103.91163,1.09817],[103.91135,1.09833],[103.91097,1.09832],[103.90991,1.09741],[103.90967,1.09682],[103.90859,1.09593],[103.90496,1.09574],[103.90496,1.09395],[103.90436,1.09393],[103.9043,1.09572],[103.90348,1.09575],[103.90229,1.09623],[103.90215,1.09584],[103.90177,1.09595],[103.90182,1.09644],[103.89963,1.09622],[103.89943,1.09564],[103.89917,1.0957],[103.8993,1.09623],[103.89847,1.09818],[103.89546,1.09822],[103.89542,1.09688],[103.89382,1.09689],[103.8939,1.09865],[103.89141,1.09825],[103.89132,1.09602],[103.89114,1.09562],[103.89061,1.09559],[103.8904,1.09551],[103.89018,1.09522],[103.89008,1.09474],[103.88966,1.0947],[103.88952,1.09334],[103.88963,1.09334],[103.88964,1.09326],[103.88975,1.09323],[103.88974,1.09283],[103.88966,1.09254],[103.8903,1.0901],[103.89052,1.09016],[103.89076,1.0901],[103.89099,1.08963],[103.89096,1.08913],[103.89113,1.08833],[103.89321,1.08522],[103.894,1.08554],[103.89409,1.08523],[103.89325,1.08487],[103.89374,1.08353],[103.89394,1.08361],[103.89425,1.08268],[103.89574,1.08318],[103.89597,1.08241],[103.89492,1.08207],[103.89542,1.08167],[103.89581,1.0807],[103.89592,1.08073],[103.89604,1.08073],[103.89648,1.08007],[103.89784,1.0804],[103.89799,1.07983],[103.89697,1.07954],[103.89707,1.07916],[103.89717,1.07919],[103.89731,1.07881],[103.89744,1.07884],[103.89776,1.07798],[103.89881,1.07831],[103.89896,1.0779],[103.89802,1.07754],[103.89845,1.07675],[103.89878,1.07693],[103.89903,1.07657],[103.89872,1.07643],[103.89878,1.0763],[103.89899,1.07632],[103.89925,1.07558],[103.89982,1.07464],[103.90024,1.07464],[103.90025,1.07421],[103.89994,1.07419],[103.90028,1.07361],[103.90041,1.07369],[103.90125,1.0725],[103.90281,1.07229],[103.90381,1.0727],[103.90413,1.07206],[103.90251,1.07129],[103.90314,1.07036],[103.90336,1.07046],[103.9038,1.0695],[103.90436,1.06982],[103.9045,1.06948],[103.90414,1.06926],[103.90386,1.06894],[103.90416,1.06837],[103.90468,1.06806],[103.90502,1.06838],[103.90688,1.06613],[103.90671,1.06598],[103.90676,1.06592],[103.90798,1.06713],[103.90832,1.06684],[103.90694,1.06539],[103.90739,1.06472],[103.90748,1.06437],[103.9074,1.06434],[103.90761,1.06366],[103.90775,1.06367],[103.90796,1.06291],[103.90827,1.06166],[103.90846,1.06161],[103.90843,1.06148],[103.90835,1.06142],[103.90859,1.06052],[103.90879,1.06053],[103.90896,1.05931],[103.909,1.05812],[103.90913,1.05736],[103.90904,1.05731],[103.90915,1.05606],[103.9104,1.05645],[103.91055,1.05594],[103.90928,1.05551],[103.90912,1.05518],[103.90944,1.05372],[103.90926,1.05366],[103.90931,1.05354],[103.91055,1.05394],[103.91071,1.05357],[103.90917,1.05312],[103.90921,1.05288],[103.90897,1.05284],[103.90898,1.05261],[103.90923,1.05258],[103.90922,1.05246],[103.90901,1.05238],[103.90901,1.05216],[103.90937,1.05227],[103.90945,1.05192],[103.90774,1.05134],[103.90768,1.05116],[103.90811,1.05109],[103.90846,1.05053],[103.90906,1.04984],[103.909,1.04917],[103.90937,1.04664],[103.90994,1.04675],[103.91002,1.04643],[103.90976,1.04637],[103.90978,1.04623],[103.90891,1.0459],[103.90892,1.04523],[103.90921,1.0451],[103.90927,1.04491],[103.9088,1.04462],[103.90878,1.04442],[103.90878,1.0442],[103.90886,1.04415],[103.90915,1.04296],[103.90902,1.04288],[103.90978,1.04127],[103.91008,1.04144],[103.91025,1.04143],[103.91035,1.04123],[103.90997,1.04088],[103.91001,1.04068],[103.91012,1.04066],[103.91055,1.04088],[103.91062,1.04066],[103.91018,1.04041],[103.91017,1.0399],[103.91006,1.03982],[103.9105,1.03922],[103.91053,1.03905],[103.91065,1.03907],[103.91074,1.03877],[103.9107,1.03862],[103.91057,1.03853],[103.91108,1.03784],[103.91118,1.0379],[103.91264,1.03681],[103.91282,1.03651],[103.9133,1.03591],[103.91373,1.03534],[103.91355,1.0352],[103.91398,1.03476],[103.91409,1.03487],[103.91548,1.03333],[103.91595,1.033],[103.9163,1.03276],[103.91653,1.03249],[103.91699,1.03294],[103.91847,1.03141],[103.91907,1.0315],[103.91917,1.03071],[103.91953,1.03074],[103.91974,1.02991],[103.91994,1.02984],[103.9199,1.02949],[103.92016,1.02938],[103.92137,1.02904],[103.9219,1.0289],[103.92188,1.02854],[103.92292,1.02817],[103.92296,1.02835],[103.92315,1.02832],[103.92301,1.02804],[103.92339,1.02792],[103.92389,1.0294],[103.92468,1.02912],[103.92408,1.02748],[103.9245,1.0272],[103.92472,1.02754],[103.92502,1.0274],[103.92479,1.02697],[103.92512,1.02669],[103.92502,1.02655],[103.9255,1.02598],[103.92604,1.0265],[103.92638,1.02698],[103.92692,1.02812],[103.92717,1.02874],[103.92733,1.0291],[103.92763,1.02979],[103.92773,1.03011],[103.92801,1.03091],[103.9281,1.03117],[103.9281,1.03156],[103.928,1.03188],[103.92777,1.03257],[103.92747,1.03341],[103.9273,1.0339],[103.92695,1.0348],[103.92661,1.03566],[103.92656,1.03603],[103.92656,1.03651],[103.92655,1.03737],[103.92654,1.03812],[103.92653,1.03877],[103.92652,1.03973],[103.92652,1.04056],[103.9265,1.04148],[103.92649,1.04217],[103.92651,1.04296],[103.92651,1.04321],[103.92658,1.04384],[103.92667,1.04482],[103.92675,1.04555],[103.92694,1.04697],[103.92705,1.04793],[103.92718,1.04906],[103.92735,1.05008],[103.92741,1.05034],[103.92771,1.05093],[103.92808,1.05157],[103.92833,1.052],[103.92896,1.05294],[103.93008,1.05243],[103.93066,1.05201],[103.93117,1.05167],[103.93181,1.05126],[103.93262,1.05074],[103.93339,1.0502],[103.93383,1.04991],[103.93451,1.04927],[103.93518,1.04867],[103.93593,1.04815],[103.93648,1.04777],[103.93706,1.04736],[103.93775,1.04703],[103.9385,1.04663],[103.93923,1.04651],[103.93995,1.04667],[103.94083,1.04707],[103.94132,1.04736],[103.94226,1.04783],[103.94369,1.04854],[103.94482,1.04908],[103.94546,1.04938],[103.94641,1.04989],[103.94699,1.05018],[103.94815,1.05072],[103.94915,1.05119],[103.9505,1.05188],[103.95188,1.05256],[103.95208,1.05263],[103.95209,1.05266]]]]}},{"type":"Feature","properties":{"name":"Nongsa"},"geometry":{"type":"MultiPolygon","coordinates":[[[[104.14109,1.0253],[104.14103,1.02552],[104.14096,1.02573],[104.14093,1.0259],[104.14092,1.02611],[104.14095,1.02622],[104.14099,1.02633],[104.14108,1.02643],[104.1412,1.02647],[104.14136,1.02649],[104.14153,1.02652],[104.14171,1.02655],[104.14187,1.02654],[104.1421,1.02646],[104.14227,1.02637],[104.14245,1.02612],[104.14269,1.02573],[104.14288,1.02527],[104.14289,1.02512],[104.14269,1.02483],[104.1425,1.0247],[104.14209,1.02464],[104.14188,1.02464],[104.14158,1.02484],[104.14139,1.02501],[104.14114,1.02524],[104.14107,1.02537],[104.14109,1.0253]]],[[[104.13558,1.03382],[104.1354,1.03395],[104.13533,1.03418],[104.13534,1.03441],[104.13552,1.03457],[104.13574,1.03466],[104.13594,1.03479],[104.1362,1.03497],[104.13643,1.03497],[104.13668,1.03476],[104.13696,1.03441],[104.13729,1.03398],[104.13769,1.0334],[104.13788,1.03317],[104.13806,1.03276],[104.13814,1.03206],[104.1382,1.03173],[104.13836,1.03132],[104.13846,1.03094],[104.13832,1.03077],[104.13796,1.03056],[104.13755,1.03035],[104.1373,1.02999],[104.13716,1.02972],[104.13702,1.02961],[104.13699,1.02937],[104.13683,1.02913],[104.13665,1.02895],[104.13646,1.02876],[104.13623,1.02864],[104.13596,1.02854],[104.13569,1.02852],[104.13549,1.02845],[104.1353,1.0282],[104.1352,1.02798],[104.13507,1.02781],[104.13495,1.02765],[104.13478,1.0275],[104.13462,1.02742],[104.13446,1.02742],[104.13428,1.02745],[104.13405,1.02743],[104.13373,1.02751],[104.13355,1.02767],[104.13339,1.02762],[104.13321,1.02748],[104.133,1.02731],[104.13275,1.02713],[104.13259,1.02678],[104.13238,1.02619],[104.13212,1.02586],[104.13187,1.02566],[104.13159,1.02565],[104.13133,1.02566],[104.13103,1.0257],[104.13082,1.02568],[104.13062,1.02566],[104.13045,1.0256],[104.13026,1.02565],[104.13004,1.02575],[104.12977,1.02591],[104.12937,1.02615],[104.12899,1.02652],[104.12876,1.02684],[104.12869,1.02711],[104.12873,1.02739],[104.1288,1.02782],[104.12886,1.02844],[104.12897,1.0294],[104.12902,1.02958],[104.1292,1.02967],[104.12977,1.02983],[104.13057,1.03007],[104.13097,1.03015],[104.13125,1.03011],[104.13178,1.03006],[104.13206,1.03022],[104.13236,1.03048],[104.13254,1.03078],[104.13269,1.03101],[104.13298,1.03123],[104.13332,1.03138],[104.13379,1.03143],[104.134,1.03117],[104.13437,1.03085],[104.13465,1.03084],[104.13493,1.03094],[104.13528,1.03119],[104.13571,1.03162],[104.136,1.03194],[104.13596,1.03261],[104.13589,1.0333],[104.13574,1.0337],[104.13553,1.03395],[104.13558,1.03382]]],[[[104.15297,1.02287],[104.15338,1.02299],[104.15383,1.02312],[104.15431,1.02312],[104.15488,1.02309],[104.15507,1.02293],[104.15529,1.02297],[104.15553,1.02303],[104.1558,1.02281],[104.15595,1.02262],[104.15613,1.02267],[104.15635,1.02263],[104.15643,1.02244],[104.15671,1.02226],[104.15675,1.0219],[104.15659,1.02159],[104.15626,1.02118],[104.15591,1.02061],[104.1556,1.02027],[104.15535,1.01996],[104.15506,1.01958],[104.15477,1.01924],[104.15445,1.01906],[104.15416,1.01894],[104.15377,1.01886],[104.15354,1.01886],[104.15334,1.01877],[104.15316,1.01856],[104.15298,1.01857],[104.15263,1.01867],[104.1524,1.01882],[104.15209,1.01911],[104.15186,1.01929],[104.15166,1.01954],[104.15151,1.01992],[104.15143,1.02024],[104.15146,1.02049],[104.15152,1.0207],[104.15161,1.02101],[104.15174,1.02126],[104.15185,1.02148],[104.152,1.02177],[104.15227,1.02199],[104.15249,1.02225],[104.15271,1.02249],[104.15286,1.02275],[104.15297,1.02287]]],[[[104.1518,1.03531],[104.15196,1.03539],[104.15206,1.03525],[104.15213,1.0349],[104.15223,1.03451],[104.15233,1.03401],[104.15245,1.03361],[104.15248,1.03337],[104.15236,1.03293],[104.15212,1.03267],[104.15194,1.03255],[104.15177,1.03251],[104.15157,1.0324],[104.15143,1.03239],[104.15137,1.03265],[104.15138,1.03283],[104.15127,1.03312],[104.15113,1.03351],[104.15108,1.03377],[104.15109,1.03407],[104.15118,1.03438],[104.15142,1.03474],[104.15157,1.03501],[104.15166,1.03523],[104.1518,1.03531]]],[[[104.15635,1.03536],[104.15649,1.03534],[104.15656,1.03534],[104.15661,1.03527],[104.15666,1.03522],[104.15659,1.03514],[104.15653,1.03507],[104.15649,1.03489],[104.1564,1.0347],[104.15629,1.03466],[104.15616,1.03481],[104.15601,1.03495],[104.15602,1.03513],[104.15613,1.03529],[104.15633,1.03536],[104.15635,1.03536]]],[[[104.14176,1.01949],[104.14172,1.01964],[104.14165,1.01983],[104.14151,1.02007],[104.14143,1.02016],[104.14135,1.02022],[104.14137,1.02032],[104.14148,1.02052],[104.14163,1.02079],[104.14163,1.02097],[104.14161,1.0211],[104.14159,1.0212],[104.14154,1.02128],[104.1416,1.02135],[104.14167,1.02132],[104.14175,1.02128],[104.14183,1.02126],[104.1419,1.02134],[104.142,1.02144],[104.14211,1.02155],[104.14231,1.02173],[104.14247,1.02182],[104.14267,1.0219],[104.1429,1.02196],[104.1431,1.02198],[104.14347,1.02202],[104.14378,1.022],[104.14402,1.02189],[104.14422,1.02165],[104.14429,1.0214],[104.14439,1.02115],[104.1445,1.02103],[104.14469,1.02088],[104.14485,1.02068],[104.14501,1.02029],[104.14507,1.01996],[104.14503,1.01961],[104.14485,1.01914],[104.14478,1.01888],[104.14462,1.01854],[104.14454,1.01839],[104.14447,1.01841],[104.14439,1.01841],[104.14426,1.01834],[104.14414,1.01823],[104.14397,1.0182],[104.14379,1.0183],[104.14369,1.01841],[104.14361,1.01859],[104.14352,1.01882],[104.14348,1.01893],[104.14339,1.01889],[104.1433,1.01882],[104.14318,1.01872],[104.14308,1.01865],[104.14294,1.01865],[104.14277,1.01874],[104.14271,1.01878],[104.14249,1.01887],[104.14221,1.01904],[104.14197,1.01923],[104.14182,1.01939],[104.14177,1.01946],[104.14174,1.01953],[104.14176,1.01949]]],[[[104.14159,1.01957],[104.14179,1.01939],[104.14189,1.01909],[104.14204,1.01877],[104.14229,1.01864],[104.14263,1.01866],[104.14285,1.01861],[104.14313,1.01849],[104.14321,1.01826],[104.14338,1.01805],[104.14367,1.0178],[104.14364,1.01763],[104.14348,1.0173],[104.1434,1.01713],[104.14369,1.01693],[104.14376,1.01669],[104.14363,1.01646],[104.1432,1.01606],[104.14299,1.01579],[104.14273,1.0155],[104.14233,1.01516],[104.14203,1.01491],[104.14181,1.01474],[104.14157,1.01447],[104.1413,1.01427],[104.14114,1.01428],[104.14094,1.01437],[104.14077,1.01429],[104.14054,1.01406],[104.14014,1.01391],[104.13985,1.0139],[104.13964,1.01396],[104.13945,1.01404],[104.13924,1.01415],[104.13895,1.01425],[104.13877,1.01443],[104.13859,1.01449],[104.13842,1.01455],[104.13834,1.01478],[104.13841,1.01501],[104.13848,1.01526],[104.13866,1.01561],[104.13874,1.01602],[104.13869,1.01651],[104.13876,1.0167],[104.13899,1.01681],[104.13929,1.01701],[104.13938,1.01727],[104.13951,1.01749],[104.13967,1.01771],[104.14004,1.01807],[104.1401,1.01834],[104.14002,1.01857],[104.14009,1.01875],[104.14051,1.01891],[104.14085,1.01908],[104.14121,1.01938],[104.14146,1.01958],[104.14173,1.01951],[104.14159,1.01957]]],[[[104.13061,1.00775],[104.13071,1.0077],[104.13082,1.00764],[104.1309,1.00756],[104.1311,1.00753],[104.13129,1.00754],[104.13145,1.00756],[104.13167,1.00763],[104.13181,1.00764],[104.13191,1.00764],[104.13202,1.00761],[104.13221,1.00749],[104.13243,1.00729],[104.13251,1.00714],[104.13258,1.00704],[104.13266,1.00695],[104.13384,1.00612],[104.13429,1.0057],[104.13443,1.00552],[104.13449,1.00532],[104.13451,1.00513],[104.1345,1.00496],[104.13446,1.00478],[104.1344,1.00458],[104.13418,1.00403],[104.13403,1.00366],[104.13384,1.00329],[104.13364,1.00308],[104.13343,1.00292],[104.13318,1.00282],[104.13264,1.00262],[104.13214,1.00245],[104.1317,1.00232],[104.13148,1.00227],[104.13122,1.00224],[104.13093,1.00225],[104.13058,1.00234],[104.12995,1.00251],[104.12961,1.00262],[104.12939,1.00268],[104.12928,1.00274],[104.12909,1.00286],[104.12903,1.00292],[104.12891,1.00315],[104.12883,1.00344],[104.12877,1.00363],[104.12873,1.00393],[104.12871,1.00416],[104.12873,1.00442],[104.12877,1.00463],[104.12888,1.00501],[104.12899,1.00543],[104.12916,1.00601],[104.12941,1.00667],[104.12958,1.00705],[104.12975,1.00726],[104.12996,1.00746],[104.1303,1.00766],[104.13049,1.00776],[104.13064,1.00774],[104.13061,1.00775]]],[[[104.13657,1.01057],[104.13666,1.01051],[104.13672,1.01034],[104.13667,1.01004],[104.1366,1.00971],[104.13657,1.00952],[104.13656,1.0092],[104.1366,1.00894],[104.13661,1.00877],[104.13657,1.00854],[104.1366,1.00838],[104.13675,1.00816],[104.13687,1.00788],[104.13698,1.00756],[104.13707,1.00724],[104.1371,1.00705],[104.13708,1.00694],[104.13704,1.00681],[104.13703,1.00676],[104.137,1.00674],[104.13697,1.00671],[104.13692,1.00671],[104.13688,1.00671],[104.13683,1.00672],[104.13678,1.00674],[104.13674,1.00679],[104.13667,1.00689],[104.13663,1.00695],[104.13649,1.00718],[104.13623,1.00756],[104.13605,1.00782],[104.13583,1.00816],[104.13566,1.00851],[104.13554,1.00892],[104.13553,1.00924],[104.13556,1.00937],[104.13569,1.00968],[104.13587,1.00998],[104.13599,1.01017],[104.13617,1.01039],[104.13626,1.01046],[104.13635,1.01054],[104.13648,1.01059],[104.13657,1.01057]]],[[[104.13461,1.00081],[104.13474,1.00077],[104.13486,1.00073],[104.1349,1.00071],[104.135,1.00054],[104.13496,1.00041],[104.13494,1.00035],[104.13501,1.00019],[104.13503,1.00003],[104.13504,0.99998],[104.1349,0.99976],[104.13482,0.99972],[104.13471,0.99967],[104.13461,0.99966],[104.1345,0.99965],[104.1345,0.99985],[104.13428,1.0001],[104.13431,1.00035],[104.1346,1.00078],[104.13461,1.00081]]],[[[104.15739,1.00823],[104.15749,1.00762],[104.15743,1.00722],[104.15707,1.0069],[104.15659,1.00664],[104.15618,1.00616],[104.15566,1.00583],[104.15457,1.00534],[104.15425,1.00426],[104.15391,1.00332],[104.15392,1.00278],[104.15422,1.00179],[104.1545,1.00023],[104.15515,0.99887],[104.15573,0.99865],[104.15663,0.99869],[104.15706,0.9986],[104.1573,0.99819],[104.15743,0.99763],[104.15772,0.99714],[104.15808,0.99701],[104.15856,0.99701],[104.15897,0.99689],[104.15964,0.99633],[104.16044,0.99616],[104.16088,0.99626],[104.16122,0.99643],[104.16152,0.99664],[104.16204,0.9968],[104.1624,0.99685],[104.16283,0.99671],[104.16406,0.99669],[104.16519,0.99688],[104.16553,0.99715],[104.16586,0.99735],[104.16604,0.99752],[104.16658,0.99747],[104.16649,0.99704],[104.16639,0.99657],[104.16646,0.99622],[104.16653,0.99594],[104.16649,0.99571],[104.16674,0.99557],[104.16718,0.99558],[104.16743,0.99562],[104.1676,0.99555],[104.16775,0.99542],[104.1682,0.99524],[104.16861,0.99524],[104.16921,0.99537],[104.1697,0.99563],[104.17013,0.99593],[104.17043,0.996],[104.17088,0.99593],[104.17154,0.99604],[104.17193,0.99626],[104.17211,0.99669],[104.17208,0.99712],[104.17214,0.99741],[104.17253,0.99784],[104.17337,0.99845],[104.17428,0.99956],[104.17498,1.00042],[104.17547,1.00119],[104.1758,1.00184],[104.17661,1.00245],[104.17686,1.00297],[104.17708,1.00352],[104.1773,1.00425],[104.17778,1.00514],[104.17827,1.00622],[104.17826,1.00658],[104.17818,1.00725],[104.1783,1.00761],[104.17848,1.00775],[104.17873,1.00779],[104.17943,1.00877],[104.18033,1.01024],[104.18143,1.01163],[104.18222,1.01267],[104.18344,1.01396],[104.18374,1.01445],[104.18382,1.01505],[104.18366,1.0155],[104.1835,1.01576],[104.1837,1.01634],[104.18366,1.0168],[104.1837,1.01744],[104.1837,1.01775],[104.18314,1.01864],[104.18277,1.01906],[104.18257,1.01969],[104.18239,1.02043],[104.18229,1.02102],[104.1825,1.02124],[104.18277,1.02146],[104.1829,1.02205],[104.18303,1.02284],[104.18293,1.02375],[104.18275,1.02403],[104.18233,1.02422],[104.18209,1.02422],[104.18172,1.02405],[104.18129,1.02413],[104.18083,1.02431],[104.18051,1.02455],[104.18044,1.02477],[104.18026,1.02578],[104.18006,1.02629],[104.17984,1.02677],[104.17972,1.02716],[104.17941,1.02743],[104.17912,1.02772],[104.17876,1.02806],[104.17824,1.0282],[104.17786,1.02815],[104.17761,1.0279],[104.17722,1.0272],[104.17689,1.02649],[104.17644,1.02596],[104.17605,1.02546],[104.17588,1.02531],[104.17576,1.02469],[104.17584,1.02436],[104.17565,1.02404],[104.17511,1.02382],[104.17455,1.02359],[104.17406,1.02338],[104.17326,1.02267],[104.1725,1.02197],[104.17249,1.02134],[104.17225,1.02111],[104.17212,1.02071],[104.17198,1.02039],[104.17171,1.02015],[104.1715,1.02013],[104.17111,1.02028],[104.17056,1.02057],[104.17022,1.02051],[104.16986,1.02031],[104.16961,1.01998],[104.16967,1.01954],[104.16973,1.01918],[104.16966,1.01889],[104.16935,1.01868],[104.16903,1.01841],[104.16874,1.0174],[104.16864,1.01695],[104.16834,1.01692],[104.16795,1.01706],[104.16758,1.01735],[104.16732,1.01743],[104.16719,1.01729],[104.16722,1.01697],[104.1674,1.0167],[104.1674,1.01644],[104.16729,1.01622],[104.16706,1.01594],[104.16672,1.01573],[104.16642,1.01557],[104.1662,1.01513],[104.1663,1.01467],[104.16618,1.01427],[104.16595,1.01387],[104.16553,1.01364],[104.16508,1.01371],[104.16445,1.01414],[104.16367,1.01426],[104.16293,1.01452],[104.16232,1.01493],[104.16202,1.01537],[104.16189,1.01665],[104.16184,1.01713],[104.16141,1.0174],[104.16098,1.01746],[104.16059,1.01732],[104.16022,1.0174],[104.15982,1.01765],[104.15945,1.0178],[104.15908,1.01773],[104.15869,1.01753],[104.15819,1.01713],[104.15783,1.01672],[104.1572,1.01637],[104.15608,1.01615],[104.15525,1.01555],[104.15447,1.01423],[104.1533,1.0125],[104.15297,1.01198],[104.15295,1.01157],[104.15306,1.01109],[104.15317,1.01073],[104.15326,1.01032],[104.15321,1.00989],[104.15242,1.00903],[104.15199,1.00868],[104.15206,1.00812],[104.15225,1.00757],[104.15249,1.00726],[104.15289,1.00717],[104.15338,1.00714],[104.15397,1.00743],[104.1547,1.00768],[104.1551,1.00799],[104.15543,1.00824],[104.15589,1.00824],[104.15654,1.00822],[104.15685,1.00833],[104.15715,1.00842],[104.15739,1.00823]]],[[[104.17571,1.03089],[104.17618,1.03091],[104.17704,1.03157],[104.17732,1.03187],[104.17768,1.03185],[104.17852,1.03177],[104.17871,1.03226],[104.17844,1.0329],[104.17852,1.03368],[104.17824,1.03389],[104.17835,1.03438],[104.17781,1.03569],[104.17816,1.03576],[104.1785,1.03541],[104.17895,1.03524],[104.17944,1.03526],[104.17981,1.0349],[104.18045,1.03483],[104.18075,1.03498],[104.18088,1.03556],[104.18082,1.03661],[104.1808,1.03784],[104.18075,1.03825],[104.1805,1.03859],[104.18058,1.03902],[104.18092,1.03947],[104.18072,1.03986],[104.18051,1.04025],[104.18026,1.0405],[104.18003,1.04072],[104.18003,1.04102],[104.18036,1.04128],[104.18079,1.04171],[104.18105,1.04196],[104.18139,1.04242],[104.18169,1.04273],[104.18187,1.04324],[104.18174,1.04338],[104.18139,1.04351],[104.1812,1.04357],[104.18117,1.04382],[104.18146,1.04427],[104.18219,1.04516],[104.1822,1.04555],[104.18221,1.04585],[104.18249,1.04618],[104.18254,1.04666],[104.18229,1.04711],[104.18198,1.04731],[104.18186,1.04756],[104.18211,1.04788],[104.1825,1.04806],[104.18252,1.04834],[104.18248,1.04863],[104.18282,1.04891],[104.18305,1.04902],[104.18327,1.0494],[104.18348,1.04955],[104.18354,1.04976],[104.1838,1.04993],[104.18393,1.0503],[104.1839,1.05089],[104.18325,1.05136],[104.1827,1.05129],[104.18215,1.05102],[104.18138,1.05085],[104.18102,1.05081],[104.1807,1.05103],[104.18031,1.05153],[104.18025,1.05206],[104.18017,1.05242],[104.18005,1.0528],[104.18008,1.05323],[104.17888,1.05504],[104.17875,1.05536],[104.17832,1.05561],[104.17811,1.05583],[104.17821,1.05628],[104.1783,1.05661],[104.17797,1.05684],[104.17755,1.05673],[104.17624,1.05664],[104.17535,1.05675],[104.17511,1.05695],[104.17526,1.05734],[104.17535,1.05775],[104.1753,1.05918],[104.17562,1.05965],[104.17584,1.06011],[104.1758,1.06091],[104.17586,1.06125],[104.17606,1.06147],[104.176,1.06179],[104.17561,1.06209],[104.17544,1.06251],[104.17515,1.06298],[104.17477,1.06324],[104.17361,1.06433],[104.17285,1.06483],[104.17223,1.06509],[104.17157,1.06495],[104.17041,1.06473],[104.17025,1.06429],[104.17007,1.06402],[104.16961,1.06401],[104.16911,1.06418],[104.16874,1.06439],[104.16849,1.06506],[104.16815,1.06568],[104.16726,1.0661],[104.16659,1.06639],[104.166,1.06622],[104.16569,1.06583],[104.16487,1.06547],[104.16405,1.06503],[104.16406,1.06443],[104.16375,1.06386],[104.1636,1.06356],[104.16349,1.06289],[104.16252,1.06184],[104.16205,1.06163],[104.16191,1.06134],[104.16186,1.0612],[104.16204,1.0607],[104.16216,1.06047],[104.16211,1.05994],[104.16213,1.05971],[104.1623,1.05943],[104.16232,1.05918],[104.16256,1.05902],[104.16259,1.05874],[104.16236,1.05844],[104.16214,1.0582],[104.16216,1.05803],[104.16201,1.05794],[104.16175,1.05816],[104.16132,1.05838],[104.16119,1.05831],[104.16134,1.05802],[104.16134,1.05782],[104.16112,1.0576],[104.16109,1.05737],[104.16198,1.05696],[104.1618,1.05639],[104.16202,1.05551],[104.16187,1.05521],[104.162,1.05484],[104.16212,1.05449],[104.16203,1.0543],[104.16206,1.05404],[104.16217,1.05383],[104.16241,1.05366],[104.16377,1.05125],[104.16404,1.05089],[104.16408,1.05061],[104.16408,1.05033],[104.16403,1.05006],[104.16423,1.04959],[104.16463,1.04923],[104.16509,1.04883],[104.16545,1.04787],[104.1652,1.04758],[104.1647,1.04796],[104.16423,1.04826],[104.16386,1.04811],[104.16338,1.04807],[104.16295,1.04793],[104.1623,1.04787],[104.16175,1.04805],[104.16129,1.04822],[104.16107,1.04824],[104.16101,1.04798],[104.16111,1.0477],[104.16107,1.04717],[104.16094,1.04692],[104.16084,1.04679],[104.16097,1.0466],[104.16095,1.04644],[104.16075,1.04633],[104.16066,1.04614],[104.16053,1.04592],[104.16023,1.04577],[104.16001,1.04539],[104.15959,1.04496],[104.15941,1.04485],[104.15934,1.04444],[104.15889,1.04402],[104.15866,1.04359],[104.15848,1.04336],[104.15844,1.04316],[104.15854,1.04293],[104.15854,1.04273],[104.15848,1.04255],[104.15823,1.04247],[104.15806,1.04239],[104.15784,1.04248],[104.15763,1.04261],[104.15732,1.04265],[104.15685,1.04323],[104.15668,1.04338],[104.15646,1.04329],[104.1563,1.04307],[104.15623,1.04277],[104.15606,1.0425],[104.15536,1.04195],[104.15509,1.04179],[104.15486,1.04171],[104.15497,1.04157],[104.15509,1.04143],[104.15519,1.04123],[104.15548,1.04117],[104.15565,1.04057],[104.15574,1.04034],[104.15569,1.03999],[104.15543,1.03967],[104.15511,1.03953],[104.15501,1.03927],[104.1552,1.03872],[104.15543,1.03872],[104.15565,1.03901],[104.15593,1.03928],[104.15606,1.03949],[104.15621,1.03947],[104.15637,1.03937],[104.15668,1.03939],[104.15683,1.03952],[104.15705,1.03944],[104.15739,1.03919],[104.15772,1.0389],[104.15788,1.03869],[104.15869,1.03856],[104.15894,1.03854],[104.15924,1.03876],[104.1595,1.03895],[104.15984,1.03912],[104.16024,1.03934],[104.16067,1.03942],[104.16106,1.03954],[104.1614,1.03961],[104.16159,1.03979],[104.16177,1.04013],[104.16205,1.0403],[104.16249,1.04034],[104.16291,1.04045],[104.16323,1.04068],[104.16348,1.04079],[104.16363,1.04069],[104.16366,1.04041],[104.16401,1.04012],[104.1642,1.03954],[104.16421,1.03927],[104.16392,1.03911],[104.16358,1.03909],[104.16329,1.03916],[104.16279,1.03921],[104.16249,1.03909],[104.16231,1.03893],[104.16203,1.03885],[104.16166,1.0389],[104.16153,1.03876],[104.16161,1.03857],[104.16175,1.03824],[104.16193,1.03813],[104.16213,1.03786],[104.16241,1.03795],[104.16277,1.03809],[104.16316,1.03818],[104.16359,1.03808],[104.16391,1.03802],[104.16418,1.03805],[104.16439,1.03821],[104.16448,1.03845],[104.16452,1.03865],[104.1647,1.03875],[104.16481,1.03852],[104.16482,1.03823],[104.16466,1.03797],[104.16443,1.03776],[104.16418,1.03755],[104.16375,1.03738],[104.16353,1.0372],[104.1635,1.03692],[104.16376,1.03645],[104.16376,1.03598],[104.16379,1.03546],[104.16377,1.03521],[104.16355,1.03472],[104.16332,1.03473],[104.16302,1.03508],[104.16259,1.03507],[104.16242,1.03494],[104.16214,1.03451],[104.16167,1.034],[104.16132,1.03267],[104.16136,1.03175],[104.16088,1.03099],[104.16083,1.03046],[104.16092,1.03008],[104.161,1.02954],[104.16146,1.02908],[104.16153,1.02861],[104.16229,1.02793],[104.16363,1.02758],[104.16404,1.02763],[104.16434,1.0278],[104.16456,1.02803],[104.16476,1.02807],[104.16487,1.02798],[104.16491,1.02746],[104.16484,1.02633],[104.16491,1.02556],[104.1648,1.02537],[104.16509,1.02522],[104.1653,1.02512],[104.16535,1.02481],[104.1654,1.02444],[104.16564,1.02417],[104.16575,1.02377],[104.16622,1.02336],[104.167,1.02263],[104.16772,1.02226],[104.16832,1.02233],[104.16881,1.02259],[104.16933,1.02264],[104.1697,1.02321],[104.17008,1.02372],[104.17055,1.02385],[104.17064,1.0241],[104.1713,1.02462],[104.172,1.02479],[104.17241,1.02495],[104.17247,1.02515],[104.17275,1.02507],[104.17323,1.02518],[104.17352,1.02556],[104.17423,1.02611],[104.1745,1.02658],[104.17462,1.02693],[104.17479,1.02713],[104.17475,1.02786],[104.17494,1.02804],[104.17511,1.0283],[104.17518,1.02879],[104.17508,1.02903],[104.17525,1.02991],[104.17568,1.0306],[104.17571,1.03089]]],[[[104.1165,0.99163],[104.11615,0.99223],[104.11611,0.99259],[104.11592,0.9931],[104.11611,0.99345],[104.1161,0.99381],[104.11631,0.9943],[104.11613,0.99461],[104.1159,0.99478],[104.11562,0.99491],[104.11543,0.99499],[104.11536,0.99504],[104.11527,0.99515],[104.11529,0.99537],[104.11544,0.9957],[104.11574,0.99617],[104.11591,0.99642],[104.11621,0.99654],[104.11652,0.99643],[104.11696,0.99617],[104.11735,0.99593],[104.11776,0.99577],[104.11822,0.99562],[104.11875,0.99559],[104.119,0.99564],[104.11926,0.99578],[104.11977,0.99598],[104.12123,0.996],[104.12325,0.99583],[104.12417,0.99579],[104.12457,0.99572],[104.12494,0.99571],[104.12531,0.99582],[104.12582,0.99593],[104.1262,0.99585],[104.12676,0.99569],[104.12752,0.99525],[104.12766,0.99511],[104.12775,0.99495],[104.12798,0.99449],[104.12814,0.99409],[104.12835,0.9936],[104.12847,0.99315],[104.1285,0.9925],[104.12852,0.99221],[104.1286,0.99179],[104.12878,0.99134],[104.12905,0.99082],[104.12946,0.99035],[104.12955,0.99027],[104.12968,0.99021],[104.1298,0.99019],[104.12999,0.99021],[104.13011,0.99025],[104.13029,0.99032],[104.13039,0.99038],[104.13057,0.9905],[104.13079,0.99067],[104.13089,0.99072],[104.13101,0.99075],[104.13112,0.99073],[104.13123,0.99065],[104.13132,0.9905],[104.13143,0.99029],[104.13155,0.9901],[104.13166,0.98984],[104.13173,0.98966],[104.13174,0.98948],[104.13172,0.98931],[104.13166,0.98915],[104.13156,0.98895],[104.13144,0.98875],[104.13129,0.98856],[104.13115,0.98839],[104.13098,0.98825],[104.13072,0.98806],[104.13051,0.98795],[104.13026,0.98785],[104.13005,0.98776],[104.12981,0.98768],[104.12959,0.98759],[104.12931,0.98749],[104.12884,0.98738],[104.12875,0.98737],[104.12859,0.98739],[104.12855,0.98739],[104.12833,0.98744],[104.12801,0.98755],[104.12765,0.98768],[104.12712,0.98785],[104.12703,0.98788],[104.12586,0.98807],[104.12533,0.9881],[104.12424,0.9881],[104.12346,0.98803],[104.1228,0.98792],[104.12233,0.98779],[104.12194,0.98762],[104.12174,0.98751],[104.12155,0.98748],[104.12136,0.98751],[104.1212,0.98759],[104.12093,0.98787],[104.12075,0.988],[104.12066,0.98806],[104.12051,0.98809],[104.12037,0.98813],[104.1203,0.98814],[104.12021,0.98815],[104.12005,0.98816],[104.11991,0.98815],[104.1198,0.98814],[104.11963,0.9881],[104.11949,0.98806],[104.11935,0.988],[104.11923,0.98795],[104.11886,0.98771],[104.11838,0.98737],[104.11812,0.98718],[104.11779,0.98701],[104.11722,0.98684],[104.11684,0.98668],[104.11674,0.98665],[104.11658,0.98667],[104.11646,0.98673],[104.11635,0.98684],[104.11619,0.98722],[104.11615,0.98743],[104.11615,0.98757],[104.11619,0.98774],[104.11629,0.98793],[104.11646,0.98826],[104.1166,0.98852],[104.11676,0.98877],[104.11703,0.98916],[104.1172,0.98945],[104.11727,0.98957],[104.11735,0.98983],[104.11739,0.99],[104.11736,0.99033],[104.11732,0.99057],[104.11729,0.99068],[104.11717,0.99086],[104.1165,0.99163]]],[[[104.11982,1.02266],[104.11994,1.0227],[104.12006,1.02272],[104.12019,1.02274],[104.12033,1.02275],[104.12041,1.02276],[104.12053,1.02274],[104.12066,1.0227],[104.12071,1.02268],[104.12078,1.02265],[104.12086,1.02262],[104.12092,1.02256],[104.121,1.02249],[104.12106,1.0224],[104.12111,1.02228],[104.12115,1.02212],[104.12122,1.022],[104.12126,1.02189],[104.12126,1.02179],[104.12122,1.02166],[104.12116,1.02146],[104.12114,1.02135],[104.12114,1.02125],[104.12117,1.02113],[104.12129,1.02101],[104.12139,1.0209],[104.1214,1.02078],[104.12141,1.02065],[104.1214,1.0205],[104.12137,1.02028],[104.12133,1.02014],[104.1213,1.01998],[104.12123,1.01977],[104.12115,1.0196],[104.12099,1.0193],[104.12085,1.01905],[104.12073,1.01883],[104.12061,1.01865],[104.12041,1.01843],[104.12018,1.01817],[104.11995,1.01791],[104.11958,1.01745],[104.11938,1.01722],[104.11928,1.0171],[104.11921,1.01694],[104.11911,1.01669],[104.11898,1.01659],[104.11884,1.01656],[104.11878,1.01658],[104.11863,1.01661],[104.11854,1.01666],[104.11846,1.01669],[104.11836,1.01677],[104.11831,1.01687],[104.11826,1.01711],[104.1182,1.0174],[104.11816,1.01761],[104.11819,1.01791],[104.11828,1.01816],[104.11838,1.01841],[104.11847,1.01867],[104.11849,1.0191],[104.11852,1.0196],[104.11855,1.02002],[104.11864,1.02048],[104.11875,1.02107],[104.11883,1.02151],[104.11888,1.02169],[104.11896,1.02191],[104.11909,1.02217],[104.11922,1.02237],[104.1194,1.02252],[104.1196,1.02261],[104.11979,1.02266],[104.11986,1.02268],[104.11982,1.02266]]],[[[104.12902,1.03225],[104.12894,1.03215],[104.12847,1.03219],[104.12799,1.03228],[104.12765,1.03225],[104.12707,1.03229],[104.12675,1.03239],[104.12654,1.03255],[104.12572,1.03271],[104.12562,1.0318],[104.12386,1.0315],[104.12383,1.0316],[104.12352,1.03154],[104.12349,1.03144],[104.12313,1.03136],[104.12259,1.03124],[104.12204,1.03113],[104.12207,1.0313],[104.12204,1.03132],[104.12162,1.03131],[104.12019,1.03103],[104.1196,1.0311],[104.1195,1.03149],[104.11982,1.03273],[104.12022,1.03422],[104.11972,1.03448],[104.1183,1.03703],[104.11711,1.03912],[104.11592,1.0391],[104.11508,1.03884],[104.1151,1.03783],[104.11486,1.03744],[104.11503,1.03703],[104.11493,1.03689],[104.11488,1.03671],[104.11493,1.03651],[104.11398,1.03522],[104.11388,1.03522],[104.11372,1.03511],[104.11344,1.03494],[104.11336,1.0348],[104.11325,1.03411],[104.11326,1.03378],[104.11319,1.03373],[104.113,1.0339],[104.11213,1.03312],[104.11126,1.03313],[104.11045,1.03309],[104.10983,1.03327],[104.10965,1.03338],[104.10952,1.03374],[104.10952,1.03417],[104.10973,1.03497],[104.10999,1.03578],[104.10996,1.03618],[104.10975,1.03657],[104.10891,1.03707],[104.10813,1.03749],[104.1077,1.03818],[104.1076,1.0384],[104.10751,1.03886],[104.10764,1.04007],[104.10725,1.04043],[104.10699,1.04058],[104.10649,1.04164],[104.10635,1.04169],[104.10605,1.04146],[104.10576,1.04135],[104.10559,1.04143],[104.10539,1.04198],[104.10545,1.04217],[104.10577,1.04236],[104.1061,1.04329],[104.10604,1.04343],[104.10585,1.04347],[104.10594,1.04357],[104.10633,1.04387],[104.10665,1.04416],[104.10696,1.04445],[104.1069,1.04461],[104.10664,1.04558],[104.10671,1.04612],[104.10678,1.04771],[104.10688,1.04842],[104.10693,1.04865],[104.10705,1.04885],[104.10787,1.05002],[104.10845,1.05076],[104.1089,1.05155],[104.10973,1.05342],[104.11071,1.05572],[104.11149,1.05766],[104.11177,1.05817],[104.11189,1.05877],[104.1114,1.06006],[104.11135,1.06154],[104.1114,1.06248],[104.1116,1.06276],[104.11229,1.0641],[104.11287,1.06526],[104.11313,1.06635],[104.11356,1.06778],[104.11367,1.06814],[104.11387,1.06848],[104.11463,1.06997],[104.11488,1.07097],[104.11523,1.07151],[104.11573,1.07206],[104.11602,1.0729],[104.11555,1.07299],[104.11379,1.0733],[104.1127,1.07414],[104.11236,1.07417],[104.11099,1.07437],[104.11024,1.07621],[104.10978,1.07727],[104.10999,1.07811],[104.11015,1.0788],[104.10858,1.08038],[104.10751,1.08163],[104.10736,1.08223],[104.10659,1.08502],[104.10662,1.08632],[104.10666,1.08767],[104.10731,1.08889],[104.10756,1.09038],[104.1061,1.09063],[104.10144,1.09496],[104.09919,1.0988],[104.09825,1.0994],[104.09704,1.09929],[104.09638,1.09962],[104.09496,1.10105],[104.09947,1.11855],[104.10715,1.12792],[104.10341,1.13099],[104.1012,1.13307],[104.09951,1.13548],[104.09869,1.13831],[104.09942,1.14189],[104.09923,1.14408],[104.09708,1.14367],[104.09573,1.14174],[104.09448,1.14069],[104.09238,1.14013],[104.09009,1.14245],[104.08957,1.14532],[104.09096,1.14747],[104.0909,1.14826],[104.0912,1.14833],[104.09157,1.1479],[104.09322,1.14728],[104.09337,1.14756],[104.09298,1.14786],[104.0915,1.14851],[104.09082,1.14837],[104.09026,1.14789],[104.09005,1.14793],[104.08999,1.1481],[104.09006,1.1499],[104.09022,1.1512],[104.09016,1.15152],[104.09001,1.15176],[104.08982,1.15178],[104.08908,1.15189],[104.08874,1.15206],[104.08864,1.1523],[104.08861,1.15264],[104.08893,1.15339],[104.08929,1.15367],[104.08954,1.15369],[104.08985,1.15354],[104.09026,1.15331],[104.0904,1.15339],[104.09147,1.15519],[104.09177,1.15553],[104.09206,1.15564],[104.0927,1.15561],[104.09285,1.15549],[104.0929,1.15491],[104.09303,1.15491],[104.09322,1.15554],[104.09338,1.15573],[104.09333,1.15622],[104.09347,1.15643],[104.09385,1.15649],[104.09426,1.15668],[104.09204,1.15674],[104.09146,1.15656],[104.08946,1.15513],[104.08804,1.15496],[104.08651,1.15522],[104.08524,1.15509],[104.08478,1.15518],[104.08433,1.15583],[104.08404,1.15633],[104.08289,1.15747],[104.08277,1.15749],[104.08202,1.15745],[104.0816,1.15754],[104.08117,1.15772],[104.08074,1.15809],[104.07926,1.15826],[104.07888,1.15819],[104.07864,1.15829],[104.0779,1.15912],[104.07728,1.15939],[104.07704,1.15964],[104.07651,1.15982],[104.07584,1.16023],[104.0756,1.16023],[104.07513,1.16026],[104.07467,1.16048],[104.0734,1.16181],[104.07309,1.16189],[104.07286,1.16185],[104.07256,1.16171],[104.07158,1.16124],[104.07142,1.16127],[104.07079,1.16163],[104.07051,1.16232],[104.07117,1.16405],[104.07113,1.16419],[104.06978,1.16538],[104.06952,1.16586],[104.06914,1.16683],[104.06881,1.16861],[104.0689,1.16987],[104.0691,1.17145],[104.0691,1.17174],[104.06887,1.17251],[104.06838,1.17341],[104.06835,1.17375],[104.06846,1.17418],[104.06926,1.17613],[104.06965,1.17709],[104.06956,1.17736],[104.06958,1.17749],[104.06969,1.17757],[104.06982,1.17753],[104.06988,1.17744],[104.07008,1.17747],[104.07053,1.17804],[104.07061,1.17818],[104.07085,1.17928],[104.07061,1.17984],[104.07101,1.18062],[104.07142,1.18092],[104.07163,1.18096],[104.07247,1.18176],[104.07268,1.18215],[104.07289,1.18277],[104.07297,1.18292],[104.07297,1.18311],[104.07354,1.18422],[104.07349,1.18491],[104.0733,1.18525],[104.07236,1.18563],[104.07206,1.18653],[104.07181,1.18697],[104.07199,1.18692],[104.07213,1.18708],[104.07286,1.18769],[104.073,1.18804],[104.07345,1.18759],[104.07361,1.18749],[104.07427,1.18755],[104.07457,1.18772],[104.07517,1.18787],[104.0753,1.18816],[104.07518,1.18841],[104.07525,1.18859],[104.07542,1.18864],[104.07552,1.18827],[104.07564,1.18815],[104.07579,1.18809],[104.07602,1.18808],[104.07707,1.18845],[104.07915,1.18927],[104.08047,1.18983],[104.08302,1.19147],[104.08318,1.19158],[104.08376,1.19245],[104.0837,1.19299],[104.08353,1.19327],[104.08271,1.19379],[104.08265,1.19397],[104.08265,1.19441],[104.08278,1.19471],[104.08317,1.19471],[104.0836,1.19513],[104.08373,1.19514],[104.08407,1.19507],[104.08496,1.19546],[104.08541,1.19565],[104.08648,1.19585],[104.08685,1.19588],[104.08755,1.19582],[104.08832,1.1956],[104.08983,1.19512],[104.09229,1.1943],[104.09325,1.19414],[104.09393,1.19411],[104.09516,1.19361],[104.0963,1.19411],[104.09578,1.19452],[104.09545,1.19526],[104.09545,1.19576],[104.09557,1.19584],[104.09586,1.19576],[104.09741,1.19588],[104.09841,1.19683],[104.09874,1.19766],[104.09865,1.198],[104.09811,1.1987],[104.09791,1.19884],[104.09724,1.19911],[104.09697,1.19945],[104.09659,1.19954],[104.09661,1.19964],[104.0969,1.19965],[104.09709,1.19959],[104.09733,1.1993],[104.09755,1.19921],[104.0978,1.1993],[104.09787,1.19953],[104.09807,1.1996],[104.09812,1.1995],[104.09804,1.19939],[104.09799,1.19928],[104.09805,1.19922],[104.09818,1.19918],[104.09856,1.19918],[104.09884,1.19903],[104.09973,1.19843],[104.10044,1.19791],[104.10129,1.19744],[104.10182,1.19731],[104.10261,1.19693],[104.10286,1.19692],[104.10309,1.19707],[104.10336,1.19721],[104.10362,1.19726],[104.10388,1.19723],[104.10412,1.19703],[104.10409,1.19671],[104.10405,1.19647],[104.10416,1.1962],[104.10453,1.19566],[104.10486,1.19528],[104.10491,1.19513],[104.10482,1.19493],[104.10394,1.1947],[104.10402,1.19397],[104.10461,1.19317],[104.10614,1.19206],[104.10702,1.19142],[104.10714,1.19114],[104.10715,1.19103],[104.1072,1.19093],[104.10848,1.1901],[104.10963,1.18943],[104.11013,1.18921],[104.11031,1.18931],[104.1114,1.18887],[104.11261,1.18789],[104.11358,1.1872],[104.11446,1.18654],[104.11758,1.18478],[104.11844,1.18429],[104.1207,1.18345],[104.12169,1.18298],[104.12234,1.18309],[104.12272,1.18307],[104.12418,1.18223],[104.1243,1.18224],[104.12439,1.18229],[104.1246,1.18265],[104.12477,1.18274],[104.12497,1.18278],[104.12513,1.18268],[104.12524,1.1825],[104.1253,1.18178],[104.12643,1.18055],[104.1269,1.18012],[104.12743,1.17973],[104.12778,1.17977],[104.12794,1.1798],[104.12808,1.17968],[104.12834,1.17924],[104.12863,1.17867],[104.12878,1.17858],[104.12898,1.17859],[104.12918,1.17862],[104.12938,1.17861],[104.12956,1.17844],[104.12969,1.17821],[104.1297,1.17795],[104.12958,1.17758],[104.12964,1.17729],[104.13011,1.17655],[104.13053,1.17612],[104.13164,1.1754],[104.13323,1.17406],[104.13533,1.17227],[104.13636,1.17139],[104.13637,1.17124],[104.13631,1.1709],[104.13635,1.17074],[104.13699,1.1703],[104.1371,1.17026],[104.13718,1.17035],[104.13723,1.17046],[104.13734,1.17046],[104.13734,1.17032],[104.1373,1.1702],[104.13734,1.17006],[104.13824,1.16936],[104.13836,1.16948],[104.13891,1.16904],[104.13913,1.16881],[104.13921,1.16869],[104.13921,1.16837],[104.13913,1.1679],[104.13892,1.16696],[104.13888,1.1664],[104.13896,1.16553],[104.139,1.1647],[104.13899,1.16379],[104.13889,1.16338],[104.13861,1.16274],[104.13861,1.16252],[104.1391,1.1621],[104.1412,1.16249],[104.14398,1.163],[104.14414,1.16203],[104.14465,1.15946],[104.14051,1.15866],[104.1408,1.15783],[104.14126,1.15732],[104.14131,1.15717],[104.14128,1.15702],[104.14123,1.15693],[104.14059,1.15663],[104.14027,1.15626],[104.14014,1.15577],[104.14021,1.15485],[104.14044,1.15339],[104.14056,1.15314],[104.14071,1.15298],[104.14082,1.15295],[104.14119,1.15295],[104.14169,1.15304],[104.14187,1.15304],[104.142,1.15298],[104.14279,1.15261],[104.14293,1.1523],[104.14288,1.15224],[104.14274,1.15222],[104.14252,1.15231],[104.14228,1.15233],[104.14174,1.15244],[104.14141,1.15249],[104.14123,1.15249],[104.14084,1.15245],[104.14064,1.15235],[104.14058,1.15227],[104.14046,1.15169],[104.14048,1.15159],[104.14046,1.1515],[104.14054,1.15145],[104.14078,1.15133],[104.14134,1.15117],[104.1418,1.15103],[104.14183,1.15095],[104.14172,1.15079],[104.14157,1.1508],[104.14131,1.15087],[104.14096,1.15096],[104.14076,1.15096],[104.14063,1.15095],[104.14057,1.15086],[104.14062,1.15077],[104.1407,1.1507],[104.14079,1.15063],[104.14081,1.15049],[104.14082,1.15034],[104.14091,1.15018],[104.14099,1.14838],[104.14169,1.14699],[104.14392,1.14438],[104.14412,1.14436],[104.14524,1.14499],[104.14528,1.14513],[104.14535,1.14516],[104.14559,1.14496],[104.14577,1.14465],[104.14777,1.14388],[104.14802,1.14357],[104.14811,1.14336],[104.14824,1.14331],[104.14841,1.14332],[104.14854,1.14355],[104.14893,1.14415],[104.14911,1.14428],[104.14922,1.14425],[104.14934,1.14408],[104.14939,1.14372],[104.14937,1.1436],[104.14892,1.14309],[104.14903,1.14268],[104.14882,1.14229],[104.14889,1.13983],[104.14906,1.13826],[104.1495,1.13543],[104.14941,1.13451],[104.14682,1.12784],[104.14585,1.12619],[104.14594,1.12554],[104.1462,1.12526],[104.15139,1.12539],[104.15182,1.12501],[104.15547,1.12501],[104.15459,1.12226],[104.1548,1.1214],[104.1549,1.1214],[104.15491,1.12129],[104.15551,1.12126],[104.15527,1.12083],[104.15516,1.12041],[104.15519,1.11995],[104.15523,1.11979],[104.15544,1.11968],[104.15587,1.11953],[104.15537,1.11866],[104.15446,1.11728],[104.15381,1.11789],[104.15363,1.11777],[104.15381,1.11757],[104.1529,1.11632],[104.15285,1.11615],[104.15292,1.11594],[104.15356,1.11524],[104.15242,1.11397],[104.15273,1.11366],[104.1506,1.1113],[104.151,1.11088],[104.15117,1.11087],[104.1525,1.10966],[104.15226,1.1094],[104.15095,1.11062],[104.15089,1.11077],[104.1506,1.11102],[104.14976,1.10978],[104.14958,1.10986],[104.14948,1.10974],[104.14928,1.10987],[104.15019,1.11121],[104.15022,1.11114],[104.15028,1.11123],[104.15028,1.11131],[104.15017,1.11147],[104.14889,1.1126],[104.14811,1.1118],[104.14675,1.11302],[104.14659,1.1129],[104.14646,1.11303],[104.14611,1.1126],[104.14622,1.11248],[104.14542,1.11159],[104.14522,1.11174],[104.14435,1.11088],[104.14428,1.11043],[104.14676,1.1082],[104.14765,1.10742],[104.14625,1.10581],[104.14442,1.10372],[104.14435,1.10339],[104.14411,1.10303],[104.1428,1.10164],[104.14255,1.10117],[104.14239,1.1002],[104.14241,1.09997],[104.14414,1.09828],[104.14332,1.09496],[104.14221,1.09543],[104.14202,1.09423],[104.14227,1.09411],[104.14129,1.09204],[104.13898,1.09297],[104.1396,1.09505],[104.13733,1.09584],[104.13587,1.09281],[104.13526,1.08744],[104.13546,1.08642],[104.13559,1.08627],[104.13579,1.08628],[104.13601,1.08608],[104.13987,1.08479],[104.14,1.08481],[104.14015,1.08471],[104.14036,1.08458],[104.14086,1.08443],[104.14079,1.08414],[104.1403,1.08429],[104.14019,1.08398],[104.14047,1.08389],[104.14038,1.08359],[104.14007,1.08369],[104.1399,1.08337],[104.13983,1.083],[104.14038,1.08299],[104.14041,1.08259],[104.14017,1.08257],[104.1402,1.0821],[104.13922,1.08196],[104.13927,1.08139],[104.1391,1.08119],[104.13476,1.08071],[104.13457,1.08091],[104.13456,1.08148],[104.13448,1.08152],[104.13412,1.08151],[104.13409,1.08109],[104.13398,1.08089],[104.13408,1.08084],[104.1343,1.08052],[104.13906,1.08106],[104.13993,1.08086],[104.13997,1.08106],[104.14019,1.081],[104.13997,1.08018],[104.1398,1.08026],[104.13987,1.0806],[104.13965,1.08073],[104.13942,1.08081],[104.13911,1.08086],[104.13889,1.08085],[104.13439,1.0803],[104.1343,1.08],[104.13448,1.07889],[104.13477,1.07833],[104.1349,1.0782],[104.13557,1.07799],[104.13712,1.07772],[104.13749,1.07769],[104.13783,1.07755],[104.13778,1.07701],[104.13763,1.07701],[104.13762,1.07666],[104.13589,1.07666],[104.1358,1.07584],[104.13928,1.07542],[104.13923,1.07513],[104.13681,1.07542],[104.13668,1.07363],[104.13677,1.07357],[104.13697,1.07357],[104.13722,1.0735],[104.13722,1.07341],[104.13887,1.07312],[104.13892,1.07349],[104.13912,1.07345],[104.13878,1.07118],[104.13852,1.06942],[104.13821,1.06949],[104.13851,1.07148],[104.13873,1.07294],[104.1372,1.07318],[104.13718,1.07311],[104.13708,1.0731],[104.13669,1.07316],[104.13657,1.073],[104.1363,1.07123],[104.13604,1.06951],[104.13578,1.06955],[104.13571,1.06944],[104.13615,1.06936],[104.13616,1.06931],[104.13658,1.06928],[104.13653,1.06811],[104.13649,1.06662],[104.13646,1.06557],[104.13612,1.06549],[104.13647,1.06552],[104.1369,1.06465],[104.13699,1.06441],[104.13716,1.06367],[104.13695,1.06358],[104.13718,1.0629],[104.13731,1.06283],[104.13735,1.06235],[104.13729,1.0622],[104.13734,1.06158],[104.13761,1.06162],[104.13765,1.06122],[104.13737,1.06117],[104.13746,1.06062],[104.13728,1.06054],[104.13763,1.05916],[104.13789,1.05817],[104.1375,1.05804],[104.13752,1.05774],[104.13765,1.05748],[104.1379,1.05718],[104.13802,1.05723],[104.13848,1.05626],[104.13909,1.05497],[104.13879,1.0547],[104.13908,1.05399],[104.13902,1.05362],[104.13901,1.05349],[104.13935,1.05282],[104.13937,1.05268],[104.13936,1.05258],[104.13907,1.05224],[104.13899,1.05201],[104.13896,1.05179],[104.13898,1.05138],[104.13915,1.05092],[104.1393,1.05072],[104.13939,1.05068],[104.13972,1.05067],[104.13979,1.05062],[104.13984,1.05049],[104.13993,1.04989],[104.13987,1.04957],[104.13947,1.04871],[104.13938,1.04804],[104.13905,1.04653],[104.1389,1.0463],[104.13881,1.04626],[104.13824,1.04625],[104.13817,1.04532],[104.13819,1.04339],[104.13802,1.04255],[104.13764,1.04179],[104.13714,1.04123],[104.1374,1.04103],[104.13732,1.04085],[104.13722,1.04066],[104.13706,1.04045],[104.13706,1.04036],[104.13705,1.04031],[104.13698,1.04029],[104.13686,1.04026],[104.13677,1.04022],[104.13671,1.04014],[104.1365,1.03992],[104.13619,1.03947],[104.13587,1.03908],[104.13558,1.03873],[104.13548,1.03849],[104.13548,1.03835],[104.1351,1.03803],[104.13488,1.0386],[104.13478,1.03856],[104.1349,1.03818],[104.1348,1.03813],[104.13496,1.03785],[104.13465,1.03766],[104.13428,1.03811],[104.1342,1.03803],[104.13431,1.03791],[104.13419,1.03782],[104.13386,1.03795],[104.13374,1.03782],[104.13416,1.03752],[104.13389,1.03711],[104.13362,1.03725],[104.13356,1.03722],[104.13354,1.03718],[104.13358,1.03711],[104.13392,1.03695],[104.13401,1.03687],[104.13387,1.0367],[104.13375,1.03677],[104.13372,1.03683],[104.13329,1.03692],[104.13324,1.0369],[104.13324,1.03684],[104.13323,1.03677],[104.13313,1.03656],[104.1336,1.03643],[104.13361,1.03635],[104.1335,1.03606],[104.13339,1.03607],[104.1333,1.03578],[104.13338,1.03572],[104.13304,1.03486],[104.13283,1.03433],[104.13278,1.03428],[104.13271,1.03426],[104.13265,1.03427],[104.13238,1.03441],[104.13229,1.03394],[104.13216,1.03372],[104.13178,1.03339],[104.13181,1.03332],[104.13186,1.03331],[104.1319,1.03334],[104.13194,1.03325],[104.1315,1.03298],[104.13123,1.0329],[104.13097,1.0329],[104.12913,1.03225],[104.12904,1.03222],[104.12902,1.03225]]],[[[104.13862,0.99926],[104.13868,0.99924],[104.13877,0.99918],[104.13887,0.9991],[104.13894,0.99908],[104.13901,0.99908],[104.1391,0.99912],[104.13917,0.9992],[104.13923,0.99923],[104.13938,0.99923],[104.1395,0.9992],[104.13966,0.99917],[104.13984,0.9992],[104.13992,0.99916],[104.14001,0.99905],[104.14014,0.99903],[104.14021,0.99904],[104.14031,0.99901],[104.14038,0.99896],[104.14043,0.99887],[104.14047,0.99876],[104.14049,0.99867],[104.14053,0.9986],[104.14069,0.99857],[104.14084,0.99852],[104.14097,0.99841],[104.14119,0.99836],[104.14144,0.99828],[104.14156,0.99832],[104.14177,0.99839],[104.14188,0.99844],[104.14208,0.99846],[104.14218,0.99849],[104.14227,0.99859],[104.14234,0.99862],[104.14242,0.9986],[104.14256,0.99851],[104.14264,0.99847],[104.14273,0.99848],[104.14283,0.99846],[104.14286,0.9984],[104.14285,0.99834],[104.1428,0.99829],[104.14278,0.99824],[104.14279,0.99814],[104.14279,0.99796],[104.14285,0.99777],[104.1429,0.99762],[104.14296,0.99746],[104.14314,0.99711],[104.14329,0.99673],[104.14344,0.99633],[104.14348,0.99621],[104.14352,0.99597],[104.14353,0.9958],[104.14349,0.99566],[104.14355,0.99548],[104.14356,0.99534],[104.14355,0.99523],[104.14355,0.99513],[104.14361,0.99496],[104.14369,0.99474],[104.14383,0.99451],[104.14402,0.99428],[104.14419,0.99407],[104.14447,0.99371],[104.14469,0.99351],[104.14499,0.99337],[104.14518,0.99326],[104.14531,0.99308],[104.14537,0.99293],[104.14542,0.99281],[104.14546,0.99272],[104.14553,0.99262],[104.14574,0.99252],[104.14583,0.99246],[104.14593,0.99227],[104.14632,0.99215],[104.14652,0.99202],[104.14667,0.9919],[104.14684,0.99168],[104.14708,0.9915],[104.14727,0.99142],[104.14735,0.99136],[104.14739,0.99128],[104.14743,0.99115],[104.14749,0.99103],[104.14757,0.99095],[104.14792,0.99083],[104.14814,0.99078],[104.14828,0.99071],[104.1485,0.99053],[104.1486,0.99038],[104.14864,0.99016],[104.14861,0.99003],[104.14851,0.98991],[104.14837,0.98983],[104.14826,0.9898],[104.14802,0.98984],[104.14785,0.98989],[104.14777,0.98992],[104.14767,0.98989],[104.14758,0.98981],[104.14735,0.9892],[104.14724,0.98902],[104.1471,0.98863],[104.14683,0.98783],[104.14671,0.98738],[104.1465,0.98651],[104.14645,0.98625],[104.14635,0.98586],[104.14627,0.98564],[104.14623,0.98544],[104.14614,0.98517],[104.14596,0.98497],[104.14587,0.98492],[104.1457,0.98488],[104.14545,0.98484],[104.14535,0.98482],[104.14524,0.98485],[104.14515,0.98493],[104.1451,0.98506],[104.1451,0.98529],[104.1451,0.98537],[104.14506,0.98555],[104.14497,0.98576],[104.14496,0.98587],[104.14499,0.98631],[104.14489,0.9867],[104.14475,0.98722],[104.1447,0.98747],[104.14464,0.98786],[104.14461,0.9881],[104.1445,0.98839],[104.14438,0.98859],[104.14419,0.98884],[104.14392,0.98923],[104.14373,0.98952],[104.14365,0.9897],[104.14363,0.98983],[104.14363,0.98995],[104.1436,0.99009],[104.14351,0.99033],[104.14348,0.99045],[104.1434,0.99054],[104.14329,0.9906],[104.14323,0.99061],[104.14308,0.99069],[104.14296,0.99077],[104.14283,0.99083],[104.1427,0.9909],[104.14265,0.99093],[104.14264,0.99098],[104.14264,0.99104],[104.14269,0.99112],[104.14272,0.9912],[104.14271,0.99128],[104.14266,0.99134],[104.14257,0.99139],[104.14245,0.99143],[104.1423,0.99147],[104.14222,0.99147],[104.14211,0.99143],[104.14196,0.9914],[104.14183,0.99136],[104.14167,0.99134],[104.14155,0.99135],[104.14145,0.99138],[104.14137,0.99148],[104.14134,0.99157],[104.14134,0.99168],[104.14133,0.99179],[104.14136,0.99192],[104.1414,0.99199],[104.14143,0.99204],[104.1416,0.99219],[104.14161,0.99228],[104.14157,0.99253],[104.14153,0.99283],[104.14151,0.99302],[104.14146,0.99338],[104.14146,0.9935],[104.14145,0.99372],[104.14143,0.99413],[104.14136,0.99441],[104.14127,0.99468],[104.14092,0.99531],[104.14052,0.99578],[104.14024,0.99607],[104.14015,0.99616],[104.13982,0.9966],[104.13958,0.99694],[104.13956,0.99704],[104.13961,0.99717],[104.13969,0.99728],[104.13965,0.99746],[104.13959,0.99763],[104.13947,0.99803],[104.13936,0.99825],[104.13924,0.99842],[104.13914,0.99855],[104.13897,0.99873],[104.13887,0.99885],[104.1388,0.99893],[104.13865,0.99908],[104.1386,0.99914],[104.13858,0.9992],[104.13859,0.99925],[104.13865,0.99926],[104.13862,0.99926]]],[[[104.14031,1.02063],[104.14051,1.02066],[104.14073,1.02063],[104.14089,1.02053],[104.14105,1.02035],[104.14117,1.0201],[104.14117,1.01999],[104.1411,1.01984],[104.14095,1.01966],[104.14074,1.0195],[104.14053,1.0193],[104.14037,1.01917],[104.14021,1.01908],[104.14016,1.01905],[104.14009,1.01915],[104.14009,1.01928],[104.14019,1.01977],[104.1402,1.02004],[104.14015,1.0203],[104.14013,1.0205],[104.14024,1.0206],[104.14031,1.02063]]]]}},{"type":"Feature","properties":{"name":"Batam Kota"},"geometry":{"type":"MultiPolygon","coordinates":[[[[104.09013,1.1424],[104.08892,1.14108],[104.0882,1.1404],[104.08796,1.14028],[104.08771,1.14035],[104.08621,1.14214],[104.0859,1.14283],[104.08577,1.14412],[104.08563,1.14508],[104.0851,1.14598],[104.08488,1.14635],[104.08449,1.14676],[104.08402,1.1469],[104.08372,1.14691],[104.08343,1.14675],[104.08219,1.14543],[104.08189,1.14524],[104.08132,1.14516],[104.07994,1.14521],[104.07945,1.14505],[104.079,1.14461],[104.07883,1.14414],[104.07887,1.14357],[104.07921,1.14223],[104.0795,1.1411],[104.07949,1.14029],[104.07936,1.13996],[104.07827,1.13906],[104.07769,1.1382],[104.0775,1.13772],[104.07752,1.13704],[104.07819,1.13566],[104.07869,1.13483],[104.07953,1.13342],[104.08049,1.1318],[104.08111,1.13076],[104.0818,1.1296],[104.08217,1.1293],[104.08389,1.12859],[104.08483,1.12822],[104.08449,1.12801],[104.08411,1.12786],[104.08292,1.12757],[104.08235,1.12744],[104.08128,1.12738],[104.0806,1.12718],[104.08033,1.12701],[104.07926,1.12636],[104.07846,1.12575],[104.07804,1.12543],[104.07707,1.12425],[104.07676,1.12388],[104.07637,1.12296],[104.07584,1.12178],[104.0756,1.12122],[104.07532,1.12092],[104.07501,1.12083],[104.07466,1.12093],[104.0745,1.12127],[104.07446,1.12201],[104.07475,1.12364],[104.07491,1.12453],[104.07502,1.12518],[104.075,1.12642],[104.07497,1.12681],[104.07491,1.12732],[104.07446,1.12824],[104.0741,1.12905],[104.07396,1.13011],[104.07384,1.13088],[104.07375,1.13115],[104.0736,1.13145],[104.07331,1.13163],[104.07198,1.13212],[104.07134,1.1327],[104.06995,1.13362],[104.06935,1.13388],[104.06886,1.13394],[104.06861,1.13389],[104.06846,1.13362],[104.06845,1.13335],[104.06858,1.13315],[104.07185,1.1308],[104.07226,1.13037],[104.07252,1.1293],[104.07245,1.12917],[104.07231,1.1291],[104.07201,1.12906],[104.07185,1.12911],[104.07173,1.12921],[104.07139,1.1298],[104.07121,1.12997],[104.07093,1.13007],[104.07065,1.13007],[104.07052,1.13005],[104.07024,1.12995],[104.07011,1.12984],[104.07,1.12978],[104.06991,1.12978],[104.06977,1.12982],[104.0697,1.12982],[104.06933,1.12996],[104.06884,1.13035],[104.06868,1.13049],[104.0681,1.13074],[104.06783,1.13086],[104.06748,1.13094],[104.06675,1.13089],[104.06649,1.13092],[104.0663,1.13094],[104.06596,1.13104],[104.06571,1.13122],[104.06549,1.13151],[104.06561,1.13189],[104.06564,1.13209],[104.06561,1.13221],[104.06558,1.13228],[104.06552,1.13233],[104.06545,1.13233],[104.06537,1.13226],[104.06527,1.13215],[104.06516,1.13209],[104.0646,1.132],[104.06382,1.13183],[104.06326,1.13171],[104.06321,1.13177],[104.06308,1.13226],[104.06321,1.13264],[104.06329,1.13283],[104.06329,1.13302],[104.06323,1.13316],[104.06313,1.13327],[104.06304,1.13333],[104.06291,1.13341],[104.06285,1.13342],[104.06268,1.13336],[104.06255,1.13312],[104.06228,1.13296],[104.06214,1.13272],[104.06209,1.1325],[104.06213,1.13239],[104.06222,1.1323],[104.06229,1.13227],[104.06263,1.13231],[104.06271,1.13231],[104.06291,1.13226],[104.06299,1.13216],[104.06302,1.1319],[104.063,1.13179],[104.06297,1.1317],[104.06249,1.13149],[104.06212,1.13141],[104.06124,1.13117],[104.06108,1.13145],[104.06094,1.13196],[104.06067,1.1328],[104.06084,1.13354],[104.06156,1.13381],[104.06135,1.13501],[104.06118,1.13601],[104.06222,1.13618],[104.0625,1.13613],[104.06254,1.13611],[104.06265,1.13613],[104.06276,1.13621],[104.06278,1.13633],[104.06273,1.13652],[104.06261,1.13666],[104.06245,1.13674],[104.06229,1.13674],[104.06063,1.13643],[104.06046,1.13633],[104.06038,1.13622],[104.06034,1.13607],[104.06044,1.13532],[104.06064,1.13374],[104.06065,1.13352],[104.06062,1.1334],[104.0604,1.13286],[104.06026,1.13248],[104.06011,1.13222],[104.05995,1.13207],[104.05899,1.13182],[104.0577,1.13151],[104.05686,1.13134],[104.05595,1.13133],[104.05539,1.13128],[104.05408,1.13117],[104.0539,1.1312],[104.05358,1.1319],[104.05315,1.13283],[104.05304,1.1331],[104.05299,1.13342],[104.05297,1.13386],[104.05294,1.13527],[104.05332,1.13603],[104.05342,1.13661],[104.0534,1.13693],[104.05321,1.13714],[104.05198,1.13736],[104.05187,1.13752],[104.0518,1.13783],[104.05206,1.1385],[104.05229,1.13888],[104.05239,1.13938],[104.05255,1.14065],[104.05272,1.142],[104.05283,1.14296],[104.05275,1.14371],[104.05269,1.14389],[104.0526,1.14398],[104.05211,1.14424],[104.05195,1.14458],[104.05214,1.14655],[104.05201,1.147],[104.05179,1.1471],[104.05153,1.14708],[104.05128,1.14704],[104.05114,1.14688],[104.05111,1.14656],[104.05121,1.14618],[104.05132,1.14584],[104.05135,1.14518],[104.05114,1.14506],[104.0509,1.145],[104.05072,1.14556],[104.05046,1.14676],[104.05011,1.14676],[104.05014,1.14088],[104.04989,1.1402],[104.0456,1.13634],[104.04391,1.13484],[104.04369,1.13641],[104.04347,1.13726],[104.04323,1.13765],[104.0419,1.138],[104.0383,1.13812],[104.03827,1.13978],[104.03649,1.13969],[104.03501,1.13987],[104.03443,1.13833],[104.03442,1.13782],[104.03374,1.13777],[104.03175,1.13784],[104.02974,1.13773],[104.02773,1.13762],[104.02752,1.13808],[104.02736,1.13872],[104.02751,1.13944],[104.02807,1.1434],[104.02797,1.1448],[104.02747,1.14606],[104.02637,1.14793],[104.02623,1.14882],[104.02622,1.14974],[104.02556,1.15045],[104.02503,1.15027],[104.02269,1.1503],[104.02317,1.1492],[104.02326,1.14862],[104.02319,1.14809],[104.02225,1.14675],[104.02175,1.14596],[104.02163,1.14544],[104.0217,1.14495],[104.02249,1.14367],[104.02291,1.14294],[104.02321,1.14122],[104.02329,1.13958],[104.02318,1.13692],[104.02303,1.13461],[104.02256,1.13364],[104.0216,1.13298],[104.02068,1.13264],[104.01973,1.13223],[104.01882,1.13175],[104.01796,1.13112],[104.01746,1.13072],[104.01671,1.13],[104.01663,1.12942],[104.01681,1.12873],[104.01763,1.12594],[104.01852,1.12376],[104.01695,1.1227],[104.01546,1.12227],[104.01468,1.1216],[104.01455,1.12068],[104.01456,1.1198],[104.01598,1.11663],[104.01722,1.11657],[104.01984,1.11142],[104.02343,1.10558],[104.0266,1.1005],[104.02795,1.09908],[104.02647,1.09616],[104.02551,1.09228],[104.02772,1.09151],[104.02997,1.09071],[104.03405,1.08885],[104.03892,1.10234],[104.04008,1.10181],[104.0452,1.09993],[104.04878,1.09884],[104.0507,1.09874],[104.05461,1.09874],[104.06521,1.09891],[104.06726,1.09909],[104.0764,1.10031],[104.08078,1.10085],[104.08198,1.10084],[104.08347,1.1008],[104.08601,1.10018],[104.08788,1.09966],[104.08895,1.09953],[104.08975,1.09957],[104.09125,1.09984],[104.09355,1.10052],[104.09498,1.10106],[104.09643,1.10678],[104.09717,1.10963],[104.09795,1.1127],[104.09845,1.11459],[104.09903,1.1168],[104.09947,1.11853],[104.10115,1.12063],[104.10182,1.12142],[104.10303,1.1229],[104.10351,1.12349],[104.10412,1.12422],[104.10715,1.12794],[104.10506,1.12964],[104.10379,1.13068],[104.10286,1.13151],[104.10149,1.1328],[104.10117,1.1331],[104.10022,1.13447],[104.0995,1.13548],[104.09896,1.13737],[104.09869,1.13831],[104.09901,1.13991],[104.09933,1.14153],[104.09942,1.14192],[104.09922,1.14408],[104.09707,1.14367],[104.09588,1.14198],[104.09573,1.14175],[104.09495,1.14109],[104.09447,1.1407],[104.09238,1.14014],[104.09016,1.14238],[104.09013,1.1424]]]]}},{"type":"Feature","properties":{"name":"Sei Beduk"},"geometry":{"type":"MultiPolygon","coordinates":[[[[104.10254,1.01536],[104.10123,1.014],[104.10107,1.01335],[104.10104,1.01262],[104.10123,1.01198],[104.1012,1.01163],[104.10068,1.0113],[104.10047,1.01052],[104.10007,1.0072],[104.09986,1.00644],[104.09978,1.00556],[104.09989,1.00484],[104.10124,1.00447],[104.10256,1.00458],[104.1045,1.00494],[104.10535,1.00514],[104.10578,1.00503],[104.10641,1.0047],[104.10753,1.00469],[104.10847,1.00513],[104.10867,1.00552],[104.10866,1.00741],[104.1089,1.00801],[104.1089,1.00865],[104.10929,1.00895],[104.10961,1.00962],[104.10992,1.00996],[104.10993,1.01022],[104.10989,1.01063],[104.11008,1.01094],[104.11073,1.01158],[104.11151,1.01266],[104.11279,1.01345],[104.11305,1.01422],[104.11361,1.0145],[104.11374,1.01544],[104.115,1.01632],[104.115,1.01684],[104.11511,1.01719],[104.11502,1.01784],[104.11421,1.01868],[104.11364,1.01886],[104.11301,1.01898],[104.1123,1.01909],[104.11201,1.01904],[104.11174,1.01874],[104.11138,1.01813],[104.11111,1.01766],[104.11099,1.01724],[104.11081,1.01705],[104.11064,1.01776],[104.1102,1.01838],[104.10888,1.01883],[104.10875,1.01875],[104.10874,1.01849],[104.10861,1.01831],[104.10785,1.01827],[104.1076,1.01807],[104.1075,1.01807],[104.10733,1.01813],[104.10717,1.01811],[104.10695,1.018],[104.10656,1.01771],[104.10594,1.01753],[104.10513,1.01714],[104.10478,1.01691],[104.10408,1.0162],[104.10396,1.01602],[104.10371,1.01548],[104.10355,1.01547],[104.10349,1.01538],[104.10339,1.0153],[104.10324,1.01528],[104.10308,1.01527],[104.10279,1.01535],[104.1027,1.01538],[104.10264,1.01538],[104.10254,1.01536]]],[[[104.10015,1.01723],[104.09996,1.0168],[104.09921,1.01622],[104.09876,1.01602],[104.09816,1.01568],[104.09816,1.01551],[104.09841,1.01476],[104.09835,1.01422],[104.09853,1.01345],[104.09837,1.01274],[104.09783,1.01248],[104.09744,1.01184],[104.09726,1.01137],[104.09724,1.01098],[104.0973,1.01064],[104.09711,1.01009],[104.09707,1.00946],[104.0971,1.00927],[104.09675,1.0083],[104.0966,1.00792],[104.09653,1.00717],[104.09641,1.00675],[104.09616,1.00646],[104.09595,1.00637],[104.09578,1.00634],[104.09549,1.0064],[104.09514,1.00656],[104.09465,1.00701],[104.09425,1.00764],[104.09399,1.0082],[104.0938,1.00883],[104.09362,1.00975],[104.09353,1.01029],[104.0934,1.01067],[104.09323,1.01099],[104.09299,1.01131],[104.09242,1.01187],[104.09226,1.01236],[104.09223,1.01268],[104.09229,1.01326],[104.09244,1.01357],[104.09258,1.01377],[104.09271,1.01421],[104.09284,1.0148],[104.09298,1.01568],[104.09312,1.0167],[104.09321,1.01722],[104.09354,1.01758],[104.09406,1.0184],[104.09491,1.01975],[104.09513,1.02016],[104.09513,1.02087],[104.09548,1.02137],[104.09704,1.02297],[104.09788,1.02367],[104.09827,1.02389],[104.09872,1.02371],[104.09914,1.02355],[104.09956,1.02357],[104.0997,1.02379],[104.09975,1.02415],[104.09994,1.0242],[104.10073,1.02413],[104.10168,1.02417],[104.10264,1.0241],[104.10337,1.02383],[104.10378,1.02336],[104.1041,1.02233],[104.10432,1.02179],[104.10406,1.02156],[104.10369,1.02145],[104.10364,1.02117],[104.10372,1.02096],[104.1036,1.02058],[104.10327,1.02041],[104.10301,1.02007],[104.10274,1.02005],[104.10254,1.0199],[104.10247,1.01956],[104.10211,1.01933],[104.10197,1.01892],[104.10186,1.01879],[104.10132,1.01856],[104.10075,1.01813],[104.10056,1.01802],[104.10046,1.0176],[104.1002,1.01735],[104.10015,1.01723]]],[[[104.00772,1.05063],[104.00982,1.05024],[104.01154,1.04724],[104.01274,1.0464],[104.01461,1.04383],[104.01523,1.04224],[104.01499,1.041],[104.01714,1.03929],[104.01959,1.03854],[104.01931,1.03464],[104.01916,1.03294],[104.02115,1.03172],[104.02148,1.0305],[104.02236,1.02986],[104.02579,1.02544],[104.02611,1.02422],[104.02703,1.02357],[104.02858,1.02308],[104.02944,1.02314],[104.02937,1.02207],[104.0301,1.02139],[104.03094,1.02128],[104.03197,1.02162],[104.03225,1.02216],[104.03309,1.0204],[104.03221,1.01967],[104.03373,1.01712],[104.03538,1.01598],[104.03686,1.01587],[104.03804,1.01677],[104.03867,1.01635],[104.03772,1.01514],[104.03787,1.01457],[104.03725,1.01227],[104.03749,1.01068],[104.03826,1.00978],[104.03923,1.00962],[104.04,1.00993],[104.04022,1.01054],[104.04011,1.01143],[104.04045,1.01141],[104.04082,1.01111],[104.04146,1.01197],[104.04138,1.01254],[104.04232,1.01417],[104.04321,1.01373],[104.04401,1.01365],[104.0442,1.01327],[104.04297,1.01288],[104.04283,1.01252],[104.04248,1.01241],[104.04244,1.01194],[104.04182,1.01117],[104.0413,1.0095],[104.0419,1.00832],[104.04236,1.00821],[104.04268,1.00828],[104.04367,1.00931],[104.04432,1.00976],[104.04444,1.00925],[104.04397,1.00875],[104.04376,1.00818],[104.04389,1.00719],[104.04433,1.00694],[104.04492,1.00743],[104.04541,1.00833],[104.04574,1.00846],[104.04618,1.00806],[104.04675,1.00794],[104.04714,1.00801],[104.04768,1.00843],[104.04779,1.0081],[104.04835,1.00795],[104.04824,1.00764],[104.04833,1.00721],[104.0481,1.00727],[104.04798,1.00752],[104.04755,1.00759],[104.04727,1.00727],[104.04739,1.00681],[104.04676,1.00598],[104.0467,1.00499],[104.04624,1.00453],[104.04634,1.00412],[104.04672,1.00365],[104.04711,1.00287],[104.04872,1.00186],[104.04866,1.00129],[104.0487,1.00067],[104.04909,1.00015],[104.04969,0.99992],[104.05003,1.00099],[104.05105,1.00093],[104.05131,1.00141],[104.05118,1.00202],[104.05045,1.00311],[104.0506,1.00324],[104.05149,1.00288],[104.05208,1.0029],[104.05256,1.00338],[104.05264,1.00393],[104.05236,1.00459],[104.05209,1.00465],[104.05178,1.00499],[104.05219,1.00494],[104.05223,1.00539],[104.05264,1.0057],[104.05301,1.0058],[104.05278,1.0052],[104.05283,1.0048],[104.05314,1.00456],[104.05352,1.00456],[104.05406,1.00471],[104.05383,1.00424],[104.05356,1.00318],[104.05364,1.00257],[104.05319,1.00247],[104.05295,1.00209],[104.05299,1.00176],[104.05359,1.00151],[104.05385,1.0018],[104.05409,1.00256],[104.05484,1.00316],[104.05504,1.00234],[104.05544,1.00191],[104.05658,1.00042],[104.05641,0.99919],[104.05538,1.00022],[104.05501,0.99977],[104.05495,0.99937],[104.05328,0.99975],[104.05304,0.99915],[104.05261,0.99868],[104.0524,0.99776],[104.0522,0.99628],[104.05557,0.99345],[104.05761,0.99268],[104.05804,0.98993],[104.06122,0.98746],[104.06152,0.98652],[104.06212,0.98607],[104.06278,0.98628],[104.06347,0.98678],[104.06398,0.98669],[104.06532,0.98491],[104.06555,0.98427],[104.06596,0.98408],[104.06652,0.98403],[104.06684,0.98367],[104.06727,0.98382],[104.06793,0.98558],[104.06914,0.98684],[104.0692,0.98791],[104.0701,0.98942],[104.07025,0.98993],[104.07066,0.9901],[104.07111,0.99014],[104.07145,0.99044],[104.07143,0.9912],[104.07193,0.99265],[104.07182,0.99403],[104.07034,0.99844],[104.07152,0.99907],[104.07326,0.99797],[104.07375,0.99799],[104.07478,0.99849],[104.07549,0.99825],[104.07562,0.9978],[104.07592,0.99662],[104.07776,0.99521],[104.07954,0.99255],[104.07954,0.99184],[104.07931,0.99158],[104.08036,0.99053],[104.08186,0.98948],[104.08212,0.98903],[104.08308,0.98896],[104.08362,0.98839],[104.08409,0.98828],[104.08437,0.98721],[104.08405,0.98618],[104.08386,0.98532],[104.08412,0.98513],[104.08624,0.9856],[104.08768,0.98577],[104.09079,0.98485],[104.09233,0.98369],[104.0939,0.98403],[104.09774,0.98302],[104.09789,0.98355],[104.09872,0.98375],[104.09963,0.9834],[104.09973,0.98285],[104.10087,0.98261],[104.10087,0.98306],[104.09943,0.98383],[104.09943,0.9843],[104.09701,0.98576],[104.0963,0.98593],[104.09617,0.98658],[104.09591,0.98675],[104.09287,0.99224],[104.09244,0.99443],[104.09164,0.99599],[104.08701,1.00331],[104.08246,1.00873],[104.08117,1.01263],[104.08203,1.01564],[104.08179,1.01673],[104.08222,1.01806],[104.08211,1.01907],[104.08078,1.01963],[104.08005,1.02038],[104.07932,1.02306],[104.07932,1.02447],[104.08022,1.02479],[104.08141,1.02666],[104.08284,1.02773],[104.08394,1.0279],[104.08703,1.029],[104.08804,1.02885],[104.08834,1.02825],[104.09063,1.02889],[104.096,1.02705],[104.09754,1.02756],[104.09795,1.02831],[104.10055,1.02904],[104.10033,1.03046],[104.10029,1.0311],[104.10008,1.03187],[104.10093,1.03434],[104.10087,1.03608],[104.10132,1.03805],[104.10053,1.03966],[104.1002,1.0409],[104.1004,1.04146],[104.10009,1.04136],[104.09952,1.0414],[104.0994,1.04158],[104.10042,1.04203],[104.10494,1.04334],[104.10585,1.04348],[104.10696,1.04442],[104.10665,1.04547],[104.10682,1.048],[104.10689,1.04853],[104.10713,1.049],[104.10838,1.05065],[104.10919,1.05208],[104.1097,1.0533],[104.11045,1.05514],[104.11143,1.05743],[104.11178,1.05824],[104.1119,1.0587],[104.11155,1.05967],[104.11139,1.06011],[104.11133,1.06142],[104.11138,1.06245],[104.11155,1.0627],[104.11188,1.06325],[104.11214,1.0638],[104.11288,1.0653],[104.11313,1.06631],[104.1134,1.06722],[104.11362,1.06801],[104.1143,1.06931],[104.11465,1.07002],[104.11485,1.07093],[104.11517,1.07141],[104.11574,1.07206],[104.11603,1.0729],[104.11379,1.07331],[104.11272,1.07413],[104.111,1.07434],[104.1098,1.07726],[104.11014,1.0788],[104.10842,1.08056],[104.10752,1.08163],[104.10658,1.08507],[104.10666,1.08768],[104.10731,1.08888],[104.10752,1.09038],[104.10608,1.09064],[104.10391,1.09267],[104.10244,1.09404],[104.10144,1.09497],[104.1009,1.0959],[104.09996,1.0975],[104.09918,1.09881],[104.09824,1.09941],[104.09703,1.0993],[104.09638,1.09962],[104.09496,1.10105],[104.09361,1.10055],[104.09181,1.10002],[104.09123,1.09984],[104.08974,1.09957],[104.08896,1.09953],[104.08789,1.09965],[104.08597,1.10019],[104.08348,1.1008],[104.08077,1.10086],[104.07788,1.1005],[104.07403,1.09999],[104.07086,1.09958],[104.06759,1.09914],[104.06523,1.09893],[104.06198,1.09887],[104.05983,1.09883],[104.05698,1.09878],[104.05437,1.09875],[104.05154,1.09874],[104.04972,1.0988],[104.04877,1.09884],[104.04717,1.09933],[104.04533,1.0999],[104.04334,1.10062],[104.04171,1.10122],[104.03953,1.10202],[104.03882,1.10229],[104.038,1.09993],[104.03734,1.09799],[104.03652,1.0956],[104.03502,1.09146],[104.03409,1.08888],[104.03228,1.08962],[104.03023,1.09057],[104.0279,1.09145],[104.02636,1.09192],[104.02553,1.09218],[104.02424,1.09033],[104.02334,1.08913],[104.02422,1.08726],[104.02506,1.08681],[104.02398,1.08454],[104.02437,1.08096],[104.02499,1.08042],[104.02315,1.07843],[104.02263,1.07716],[104.02107,1.07701],[104.02012,1.07555],[104.02057,1.075],[104.01946,1.07476],[104.01956,1.07427],[104.01613,1.07373],[104.0125,1.07091],[104.00422,1.06362],[104.00465,1.05625],[104.00701,1.05397],[104.00709,1.05157],[104.00772,1.05063]]]]}},{"type":"Feature","properties":{"name":"Sekupang"},"geometry":{"type":"MultiPolygon","coordinates":[[[[104.0159,1.11665],[104.01566,1.11515],[104.01446,1.11397],[104.01191,1.11213],[104.00937,1.11054],[104.00789,1.10962],[104.00633,1.10867],[104.00497,1.1081],[104.00444,1.10805],[104.00467,1.10889],[104.00448,1.1103],[104.00345,1.11168],[104.00332,1.11251],[104.00358,1.11461],[104.00184,1.11757],[103.99967,1.12019],[103.99965,1.12015],[103.99899,1.12003],[103.99878,1.12026],[103.99853,1.12038],[103.99831,1.12045],[103.99786,1.12051],[103.99759,1.12068],[103.99695,1.12129],[103.9962,1.12158],[103.99596,1.12174],[103.99593,1.12202],[103.99576,1.12223],[103.99545,1.12248],[103.99578,1.12375],[103.9958,1.12439],[103.99569,1.12471],[103.99537,1.1251],[103.99455,1.12564],[103.99418,1.1261],[103.99374,1.12718],[103.99337,1.12779],[103.99303,1.12807],[103.99219,1.12847],[103.99086,1.12934],[103.99004,1.13001],[103.9896,1.13022],[103.98923,1.13051],[103.98848,1.13092],[103.9883,1.13093],[103.9882,1.13086],[103.98812,1.13064],[103.98803,1.12948],[103.98798,1.12933],[103.98721,1.12854],[103.98698,1.128],[103.98697,1.12784],[103.98702,1.12769],[103.98724,1.12747],[103.98794,1.12707],[103.9882,1.12673],[103.98824,1.12641],[103.9882,1.12604],[103.98819,1.12596],[103.98808,1.12583],[103.98775,1.12572],[103.9877,1.12567],[103.98765,1.12548],[103.98771,1.12495],[103.98789,1.12461],[103.98865,1.12383],[103.98866,1.12378],[103.98864,1.12372],[103.9886,1.1237],[103.98793,1.124],[103.9875,1.12463],[103.98746,1.12482],[103.98748,1.12509],[103.98764,1.12631],[103.98759,1.12643],[103.98752,1.12649],[103.98642,1.12687],[103.98622,1.12713],[103.98613,1.12742],[103.98599,1.12834],[103.98602,1.12845],[103.98617,1.12863],[103.9862,1.12865],[103.98636,1.12864],[103.98652,1.12881],[103.98665,1.12919],[103.98677,1.12946],[103.98696,1.12966],[103.98728,1.12997],[103.98737,1.13012],[103.9874,1.13028],[103.98737,1.13045],[103.98727,1.13074],[103.98725,1.13084],[103.98732,1.131],[103.98752,1.1313],[103.98783,1.13165],[103.98825,1.13212],[103.98839,1.13222],[103.98867,1.13224],[103.98876,1.13232],[103.98885,1.13242],[103.98886,1.13263],[103.98885,1.13282],[103.9888,1.13308],[103.98846,1.13339],[103.98812,1.13353],[103.98801,1.1335],[103.98794,1.13344],[103.98787,1.13336],[103.98746,1.13249],[103.98705,1.13192],[103.98683,1.13183],[103.98672,1.13186],[103.98631,1.13256],[103.98608,1.13296],[103.98593,1.13341],[103.98564,1.13364],[103.98481,1.13386],[103.98467,1.13385],[103.98454,1.13378],[103.98445,1.13364],[103.98442,1.1334],[103.98448,1.13296],[103.98469,1.13209],[103.98469,1.13189],[103.98465,1.13176],[103.98454,1.13168],[103.98406,1.13165],[103.98251,1.13166],[103.98228,1.13177],[103.98211,1.13214],[103.98203,1.1322],[103.98189,1.1322],[103.9818,1.13213],[103.98165,1.13164],[103.98151,1.13141],[103.9812,1.12977],[103.98108,1.12912],[103.98089,1.12901],[103.98072,1.12899],[103.9806,1.12919],[103.98076,1.13003],[103.98104,1.13138],[103.98109,1.13159],[103.98025,1.13174],[103.98023,1.13285],[103.98021,1.13388],[103.97939,1.13397],[103.97902,1.13542],[103.97871,1.13664],[103.97854,1.13729],[103.97845,1.13742],[103.97803,1.1376],[103.97785,1.13758],[103.97764,1.13746],[103.97656,1.13663],[103.97647,1.13653],[103.97638,1.13636],[103.97633,1.13607],[103.97614,1.13488],[103.97607,1.13428],[103.976,1.13411],[103.97589,1.13402],[103.975,1.13389],[103.97472,1.13373],[103.97436,1.13342],[103.97426,1.13338],[103.97408,1.13337],[103.97398,1.13345],[103.97383,1.13398],[103.97372,1.13444],[103.97361,1.13498],[103.97359,1.13557],[103.97354,1.1357],[103.97341,1.13579],[103.97313,1.13576],[103.97272,1.13556],[103.97246,1.13537],[103.97195,1.1347],[103.97162,1.13439],[103.97127,1.13425],[103.97003,1.13387],[103.96971,1.13363],[103.96955,1.13346],[103.96952,1.13319],[103.96981,1.13204],[103.96992,1.13157],[103.96993,1.13122],[103.97002,1.13056],[103.97012,1.13031],[103.97031,1.12999],[103.97042,1.12971],[103.97037,1.12948],[103.97024,1.12939],[103.96936,1.12949],[103.96916,1.12944],[103.96897,1.12926],[103.96826,1.12815],[103.96811,1.12785],[103.9681,1.12773],[103.96815,1.12742],[103.96809,1.12733],[103.96793,1.12718],[103.96777,1.12694],[103.96735,1.12718],[103.96726,1.12703],[103.96688,1.12724],[103.96677,1.12721],[103.96673,1.12715],[103.9667,1.12701],[103.96673,1.12693],[103.9671,1.12677],[103.96719,1.12665],[103.9672,1.12655],[103.96721,1.12649],[103.96695,1.12609],[103.9666,1.12573],[103.96636,1.12566],[103.96617,1.12571],[103.96609,1.12586],[103.96597,1.12626],[103.96614,1.12657],[103.96609,1.12661],[103.96612,1.12686],[103.96631,1.12688],[103.96631,1.12694],[103.96643,1.12698],[103.96646,1.12706],[103.96646,1.12713],[103.96646,1.12721],[103.96633,1.12724],[103.9664,1.12751],[103.96644,1.1275],[103.9665,1.12776],[103.96666,1.12772],[103.96668,1.12782],[103.96662,1.12784],[103.96667,1.12804],[103.96683,1.12841],[103.96687,1.12863],[103.96691,1.12864],[103.96691,1.12878],[103.96676,1.12879],[103.96678,1.12883],[103.96691,1.12883],[103.96694,1.129],[103.967,1.129],[103.96704,1.12916],[103.9671,1.12917],[103.96711,1.12927],[103.96704,1.12929],[103.96702,1.12935],[103.96696,1.12935],[103.96696,1.12946],[103.96702,1.12946],[103.96701,1.12971],[103.96712,1.12972],[103.96714,1.12977],[103.96723,1.12976],[103.96724,1.12985],[103.96716,1.12987],[103.96715,1.12992],[103.96719,1.12993],[103.96717,1.13007],[103.96703,1.13009],[103.96696,1.13012],[103.96694,1.13021],[103.96704,1.13024],[103.96705,1.13039],[103.96739,1.13118],[103.96732,1.13233],[103.96741,1.13312],[103.96746,1.13354],[103.96742,1.1341],[103.96725,1.13474],[103.96723,1.13497],[103.96743,1.1358],[103.96748,1.136],[103.96751,1.13622],[103.96747,1.13646],[103.96732,1.13697],[103.96722,1.13714],[103.96708,1.13758],[103.96693,1.13797],[103.96654,1.13878],[103.9662,1.13908],[103.96609,1.13926],[103.96601,1.13968],[103.96586,1.1399],[103.96554,1.14013],[103.96521,1.1402],[103.96504,1.14031],[103.96499,1.14041],[103.96492,1.14063],[103.96457,1.14097],[103.96404,1.14124],[103.96386,1.1413],[103.96337,1.14134],[103.96315,1.14141],[103.96295,1.1415],[103.96285,1.14156],[103.96237,1.14208],[103.96231,1.14224],[103.9622,1.1423],[103.9621,1.14233],[103.96185,1.1423],[103.96168,1.1423],[103.9615,1.14238],[103.96134,1.14238],[103.96125,1.14232],[103.96116,1.14212],[103.96093,1.14201],[103.96094,1.14194],[103.96106,1.14177],[103.96117,1.14147],[103.96117,1.14122],[103.9611,1.14098],[103.96091,1.14071],[103.96046,1.1403],[103.96013,1.13982],[103.95974,1.13968],[103.95955,1.13959],[103.95938,1.13949],[103.95902,1.13946],[103.95871,1.1394],[103.95845,1.13954],[103.95837,1.13951],[103.9583,1.13938],[103.95834,1.13839],[103.95831,1.13828],[103.95792,1.13807],[103.95754,1.13757],[103.9575,1.13748],[103.95751,1.13739],[103.95765,1.1371],[103.95765,1.13692],[103.9576,1.13679],[103.95739,1.13657],[103.95733,1.13654],[103.9568,1.13661],[103.95565,1.13714],[103.9554,1.13726],[103.955,1.13734],[103.95482,1.13734],[103.95462,1.13724],[103.95436,1.13691],[103.95422,1.13666],[103.95406,1.13659],[103.95382,1.13657],[103.95373,1.13665],[103.95366,1.13679],[103.95363,1.13713],[103.95327,1.13723],[103.9533,1.13777],[103.95207,1.13824],[103.95169,1.13842],[103.95112,1.13877],[103.94976,1.13954],[103.94973,1.13961],[103.94969,1.14001],[103.94975,1.14026],[103.94969,1.1404],[103.94943,1.14046],[103.94826,1.14172],[103.94785,1.14219],[103.94772,1.14239],[103.94771,1.14295],[103.9482,1.14411],[103.94831,1.14487],[103.94821,1.14518],[103.94808,1.14533],[103.94785,1.14542],[103.94736,1.14533],[103.94589,1.14483],[103.94508,1.14421],[103.94419,1.14327],[103.94322,1.14189],[103.94211,1.14072],[103.94184,1.14046],[103.94178,1.13994],[103.94192,1.13943],[103.9421,1.13918],[103.94393,1.138],[103.94447,1.13765],[103.94465,1.13749],[103.94471,1.13732],[103.94468,1.13713],[103.9443,1.13681],[103.94378,1.13599],[103.94379,1.13578],[103.94387,1.1356],[103.94406,1.13534],[103.94515,1.13467],[103.94527,1.13463],[103.94549,1.13466],[103.94671,1.13537],[103.9472,1.13556],[103.94748,1.13558],[103.94813,1.13546],[103.94833,1.13534],[103.94846,1.13512],[103.94846,1.13495],[103.94837,1.13491],[103.94833,1.13504],[103.9483,1.13516],[103.94825,1.13526],[103.94813,1.13534],[103.94752,1.13544],[103.94724,1.13544],[103.94681,1.13524],[103.94595,1.1346],[103.94525,1.13429],[103.94501,1.13436],[103.94482,1.13448],[103.94358,1.13543],[103.94345,1.1357],[103.94343,1.13595],[103.94357,1.13671],[103.94354,1.13719],[103.94346,1.13737],[103.94331,1.13746],[103.94309,1.13746],[103.94288,1.13737],[103.94256,1.13712],[103.94225,1.13708],[103.94183,1.1372],[103.94028,1.13813],[103.93958,1.1383],[103.93834,1.13846],[103.93627,1.13893],[103.9338,1.13947],[103.93205,1.13996],[103.93116,1.14004],[103.93088,1.14008],[103.93076,1.14022],[103.93069,1.1404],[103.93067,1.14158],[103.93089,1.14206],[103.93103,1.14228],[103.93106,1.14245],[103.93101,1.14256],[103.92993,1.14356],[103.92985,1.14358],[103.9298,1.14354],[103.92981,1.14346],[103.92981,1.14338],[103.92977,1.1433],[103.92966,1.14314],[103.92961,1.14303],[103.92963,1.1429],[103.92985,1.14252],[103.92985,1.14244],[103.92978,1.14234],[103.92967,1.14222],[103.9296,1.14217],[103.92904,1.14193],[103.92893,1.14183],[103.92873,1.14148],[103.92834,1.14071],[103.92815,1.14056],[103.92804,1.14052],[103.92792,1.14053],[103.92775,1.14068],[103.92749,1.14121],[103.9274,1.14125],[103.92731,1.14123],[103.92717,1.14108],[103.92681,1.14044],[103.92666,1.14038],[103.92654,1.14044],[103.92639,1.14056],[103.92622,1.14075],[103.92595,1.14075],[103.92586,1.14075],[103.92579,1.14079],[103.92578,1.14086],[103.92592,1.14116],[103.92588,1.14137],[103.92581,1.14162],[103.92549,1.14249],[103.92526,1.14286],[103.92506,1.14313],[103.92493,1.14318],[103.92483,1.14321],[103.92465,1.14316],[103.92422,1.14299],[103.92369,1.14288],[103.92256,1.14282],[103.92231,1.14282],[103.92208,1.14289],[103.92188,1.14334],[103.92186,1.14368],[103.92175,1.14373],[103.92137,1.14368],[103.92072,1.14338],[103.92071,1.14334],[103.92076,1.14319],[103.92081,1.14296],[103.92084,1.14267],[103.92076,1.14241],[103.9205,1.14199],[103.91994,1.14161],[103.91949,1.14122],[103.91968,1.14094],[103.9196,1.14068],[103.91951,1.14052],[103.91937,1.14038],[103.91922,1.14031],[103.9186,1.14028],[103.91853,1.14025],[103.91849,1.14019],[103.91844,1.14005],[103.91845,1.13992],[103.91859,1.13971],[103.9188,1.13944],[103.91948,1.13884],[103.91974,1.13856],[103.91986,1.13832],[103.91989,1.13817],[103.91985,1.13748],[103.9198,1.13729],[103.91945,1.13679],[103.91952,1.13653],[103.91978,1.13653],[103.91982,1.13567],[103.92022,1.13447],[103.92027,1.13436],[103.92088,1.13371],[103.92174,1.1325],[103.92201,1.13173],[103.92175,1.13156],[103.92196,1.13102],[103.92235,1.13121],[103.92257,1.13081],[103.92277,1.1309],[103.92326,1.12984],[103.9238,1.12831],[103.92414,1.12648],[103.92441,1.12558],[103.92468,1.12523],[103.92489,1.1251],[103.92498,1.12489],[103.92543,1.12453],[103.92609,1.12471],[103.9276,1.12427],[103.92796,1.12425],[103.92866,1.12407],[103.92849,1.12368],[103.92866,1.12358],[103.92899,1.12307],[103.92914,1.12266],[103.92917,1.12221],[103.92924,1.12203],[103.92946,1.12199],[103.92958,1.12207],[103.9298,1.12224],[103.92996,1.12229],[103.93012,1.12224],[103.93032,1.12204],[103.93183,1.12081],[103.93184,1.12065],[103.93169,1.12048],[103.93094,1.12014],[103.93083,1.12005],[103.93024,1.1199],[103.93005,1.11989],[103.92988,1.11999],[103.92973,1.12011],[103.92963,1.12006],[103.92963,1.11992],[103.92989,1.11965],[103.93029,1.11948],[103.93054,1.11922],[103.93064,1.1189],[103.93079,1.11829],[103.93192,1.11689],[103.93228,1.11718],[103.93261,1.11687],[103.93223,1.11656],[103.93289,1.11586],[103.93226,1.11528],[103.93158,1.11515],[103.93159,1.11503],[103.9317,1.11459],[103.93184,1.11445],[103.932,1.11441],[103.93218,1.11451],[103.93299,1.11519],[103.93388,1.11615],[103.93428,1.11583],[103.93376,1.11527],[103.93399,1.11508],[103.93449,1.11568],[103.93473,1.11553],[103.93425,1.1149],[103.93494,1.11466],[103.93535,1.11434],[103.93702,1.1129],[103.93746,1.11346],[103.93774,1.11324],[103.93712,1.11239],[103.93746,1.11208],[103.93827,1.11306],[103.9401,1.11202],[103.93988,1.11173],[103.93902,1.11134],[103.93841,1.11116],[103.93782,1.11152],[103.93733,1.11152],[103.93611,1.11206],[103.93607,1.112],[103.93623,1.11186],[103.93604,1.11159],[103.93585,1.11172],[103.935,1.11045],[103.93469,1.11015],[103.9341,1.10871],[103.93403,1.10834],[103.93395,1.10815],[103.93421,1.10799],[103.93397,1.10752],[103.93347,1.10716],[103.93318,1.10717],[103.93298,1.10732],[103.93311,1.10872],[103.93332,1.10948],[103.93352,1.11136],[103.93168,1.11159],[103.92948,1.11161],[103.92945,1.10952],[103.92958,1.10952],[103.92959,1.10916],[103.92948,1.10917],[103.92948,1.10885],[103.92958,1.10886],[103.92959,1.10818],[103.92948,1.10818],[103.92945,1.10796],[103.92932,1.10794],[103.92935,1.10776],[103.92982,1.10776],[103.92981,1.10739],[103.92933,1.10738],[103.92933,1.10621],[103.9296,1.10518],[103.92942,1.10479],[103.92918,1.10467],[103.92922,1.10414],[103.92883,1.10412],[103.92887,1.1032],[103.92925,1.10165],[103.93189,1.10178],[103.93187,1.10131],[103.93164,1.10059],[103.93128,1.10026],[103.9302,1.10024],[103.92989,1.10013],[103.92903,1.09936],[103.92922,1.09872],[103.92936,1.09854],[103.92944,1.09864],[103.92989,1.09825],[103.9302,1.09799],[103.93034,1.09804],[103.93048,1.09784],[103.93063,1.09777],[103.93129,1.09718],[103.93181,1.09692],[103.93234,1.09636],[103.93271,1.09656],[103.93299,1.09602],[103.93278,1.09593],[103.93335,1.09469],[103.93355,1.09431],[103.93473,1.09233],[103.93506,1.092],[103.93516,1.09178],[103.93491,1.09156],[103.93514,1.09073],[103.93474,1.0906],[103.93448,1.09041],[103.93452,1.09027],[103.93544,1.09049],[103.93563,1.09014],[103.93385,1.08923],[103.93414,1.08886],[103.9343,1.08903],[103.93448,1.08901],[103.93528,1.08862],[103.93581,1.08885],[103.93617,1.08833],[103.93581,1.08792],[103.93689,1.08606],[103.93763,1.0845],[103.93761,1.08419],[103.93726,1.08376],[103.93695,1.08364],[103.93679,1.08329],[103.93676,1.08293],[103.9366,1.08257],[103.9353,1.08168],[103.93509,1.08169],[103.93427,1.08279],[103.93402,1.08294],[103.93316,1.08324],[103.93284,1.08318],[103.93263,1.08308],[103.93242,1.08316],[103.9323,1.08316],[103.93215,1.08301],[103.93217,1.08282],[103.93194,1.08232],[103.93157,1.08217],[103.93185,1.0821],[103.93208,1.08214],[103.93249,1.0818],[103.93255,1.08141],[103.93213,1.08038],[103.93213,1.08022],[103.93153,1.07969],[103.93129,1.07973],[103.93087,1.07901],[103.93051,1.07815],[103.9303,1.0782],[103.93017,1.07813],[103.9296,1.07646],[103.92907,1.07545],[103.92841,1.07427],[103.92856,1.07423],[103.92938,1.0741],[103.93024,1.07395],[103.93145,1.07376],[103.93172,1.07371],[103.93164,1.07333],[103.93114,1.07229],[103.93099,1.0716],[103.93092,1.07126],[103.93074,1.07085],[103.9305,1.07026],[103.93017,1.06968],[103.92998,1.06932],[103.92941,1.0686],[103.92909,1.06818],[103.92893,1.06798],[103.92853,1.0674],[103.928,1.06665],[103.92797,1.0666],[103.92771,1.06577],[103.92777,1.06524],[103.9278,1.065],[103.92801,1.06419],[103.92884,1.06335],[103.92993,1.06224],[103.93297,1.05902],[103.93351,1.05851],[103.93385,1.05826],[103.93693,1.05747],[103.9409,1.05734],[103.94421,1.0572],[103.9457,1.05704],[103.94847,1.05647],[103.9514,1.05435],[103.95219,1.05285],[103.95401,1.05365],[103.95611,1.05382],[103.95679,1.05395],[103.9616,1.05717],[103.964,1.05881],[103.96775,1.06238],[103.97042,1.0649],[103.97418,1.06843],[103.97463,1.0696],[103.98397,1.07148],[103.98918,1.06785],[103.99329,1.06492],[103.99456,1.0636],[103.99879,1.06233],[104.00423,1.06361],[104.00895,1.06782],[104.01253,1.07098],[104.01614,1.07376],[104.01955,1.07427],[104.01945,1.07479],[104.02055,1.07502],[104.02011,1.07556],[104.02105,1.07703],[104.02263,1.07718],[104.02315,1.07844],[104.025,1.08044],[104.02437,1.08096],[104.02399,1.08454],[104.02505,1.08683],[104.02422,1.08728],[104.02333,1.08915],[104.02554,1.0922],[104.02551,1.0923],[104.02647,1.09618],[104.02796,1.09909],[104.02656,1.10054],[104.02469,1.1036],[104.02295,1.1063],[104.02171,1.1084],[104.01982,1.11144],[104.01868,1.11369],[104.01751,1.11603],[104.01722,1.11657],[104.016,1.11664],[104.01593,1.11672],[104.0159,1.11665]]]]}},{"type":"Feature","properties":{"name":"Galang"},"geometry":{"type":"MultiPolygon","coordinates":[[[[104.07739,0.95993],[104.07945,0.95989],[104.08335,0.95778],[104.08404,0.95795],[104.08563,0.95624],[104.08675,0.95555],[104.08739,0.95439],[104.08842,0.95332],[104.09065,0.95323],[104.09147,0.95388],[104.09215,0.95384],[104.09276,0.95431],[104.09383,0.95178],[104.0943,0.94989],[104.09426,0.95456],[104.09404,0.95534],[104.0952,0.9571],[104.09688,0.95697],[104.09752,0.95757],[104.09791,0.95864],[104.09877,0.95911],[104.09881,0.96019],[104.09928,0.96053],[104.09991,0.9599],[104.10038,0.96026],[104.10079,0.96023],[104.10092,0.96066],[104.1018,0.96096],[104.1024,0.96096],[104.1032,0.96049],[104.1038,0.96082],[104.10452,0.96082],[104.10473,0.96118],[104.10556,0.9613],[104.10582,0.96114],[104.10577,0.96039],[104.10618,0.96004],[104.10718,0.9601],[104.10812,0.95915],[104.10873,0.95785],[104.10827,0.95711],[104.10702,0.95668],[104.10666,0.95576],[104.10709,0.95624],[104.10781,0.95653],[104.10872,0.95657],[104.10906,0.95553],[104.10974,0.95526],[104.10994,0.95447],[104.1109,0.95393],[104.11128,0.95331],[104.11127,0.95509],[104.1114,0.95644],[104.11097,0.95762],[104.11315,0.95806],[104.11404,0.9579],[104.11601,0.95852],[104.11764,0.96001],[104.11888,0.96183],[104.11974,0.96247],[104.12049,0.96184],[104.12017,0.96113],[104.12015,0.95943],[104.11952,0.95825],[104.11869,0.95776],[104.11761,0.95559],[104.11857,0.95606],[104.11975,0.95458],[104.11976,0.9537],[104.12017,0.95344],[104.12019,0.95253],[104.11997,0.95208],[104.12101,0.9514],[104.12194,0.95178],[104.12293,0.95181],[104.12356,0.9515],[104.12496,0.95284],[104.12618,0.95289],[104.12577,0.95078],[104.12722,0.94817],[104.1267,0.94697],[104.12609,0.94621],[104.12656,0.94038],[104.1255,0.93952],[104.1267,0.93823],[104.12588,0.93682],[104.12683,0.93575],[104.12834,0.93629],[104.12887,0.93752],[104.13135,0.93809],[104.13199,0.9418],[104.13413,0.9418],[104.13434,0.94261],[104.13698,0.94269],[104.13789,0.94147],[104.1394,0.94346],[104.14063,0.94342],[104.14097,0.94068],[104.14368,0.93956],[104.14411,0.93287],[104.14692,0.93209],[104.14801,0.92804],[104.15091,0.92693],[104.15446,0.92731],[104.15474,0.9246],[104.15629,0.92399],[104.15724,0.91923],[104.15627,0.91857],[104.15584,0.91538],[104.15655,0.91453],[104.15664,0.91351],[104.15547,0.91314],[104.15627,0.91066],[104.15768,0.90883],[104.15659,0.90748],[104.15433,0.90713],[104.15245,0.90766],[104.15164,0.90881],[104.15036,0.90861],[104.15129,0.90756],[104.1521,0.90422],[104.15373,0.90206],[104.15339,0.89799],[104.1527,0.89507],[104.15475,0.89692],[104.15509,0.90056],[104.15689,0.90224],[104.15992,0.90063],[104.16209,0.90108],[104.16185,0.90269],[104.16561,0.90548],[104.16743,0.90073],[104.16842,0.89973],[104.1699,0.90026],[104.17108,0.89938],[104.16645,0.8941],[104.16861,0.89346],[104.17082,0.89054],[104.16982,0.88623],[104.167,0.88072],[104.16533,0.87943],[104.16718,0.87632],[104.16542,0.87046],[104.16739,0.86692],[104.17314,0.8754],[104.17756,0.87628],[104.18012,0.87894],[104.1795,0.87984],[104.18072,0.88228],[104.18169,0.88327],[104.18272,0.88368],[104.18437,0.88507],[104.18548,0.88451],[104.18615,0.88336],[104.1875,0.88203],[104.18662,0.87928],[104.18548,0.87737],[104.18422,0.87698],[104.18383,0.87196],[104.18121,0.86847],[104.18465,0.86851],[104.18684,0.87143],[104.19244,0.87574],[104.19371,0.87552],[104.19504,0.87531],[104.19525,0.87683],[104.19918,0.8793],[104.1998,0.88091],[104.20512,0.88067],[104.20916,0.88207],[104.22483,0.8796],[104.22914,0.87574],[104.23397,0.87567],[104.23945,0.87031],[104.23932,0.86808],[104.23872,0.86583],[104.23704,0.86415],[104.23696,0.86261],[104.23393,0.85969],[104.23313,0.85823],[104.23262,0.85795],[104.23144,0.85658],[104.2309,0.85529],[104.23219,0.85677],[104.23498,0.85967],[104.23711,0.86044],[104.23882,0.86091],[104.2396,0.86149],[104.24052,0.86177],[104.24363,0.86181],[104.24685,0.86362],[104.24814,0.86387],[104.24945,0.86482],[104.25204,0.86501],[104.2537,0.86546],[104.25522,0.86557],[104.25586,0.86626],[104.25737,0.86623],[104.25825,0.86561],[104.25855,0.86458],[104.2631,0.86179],[104.26443,0.85984],[104.26606,0.859],[104.2646,0.85879],[104.2643,0.85782],[104.26421,0.85692],[104.26417,0.85536],[104.26353,0.85471],[104.26335,0.85388],[104.26295,0.85313],[104.26303,0.85188],[104.26239,0.84926],[104.26138,0.84851],[104.26074,0.84654],[104.25936,0.84323],[104.25932,0.84266],[104.26018,0.8404],[104.25983,0.83993],[104.25649,0.83903],[104.25185,0.83555],[104.24854,0.83562],[104.24556,0.83169],[104.24496,0.82068],[104.23466,0.81699],[104.23378,0.8165],[104.23313,0.81648],[104.23251,0.8168],[104.23161,0.81807],[104.23073,0.81281],[104.21613,0.80399],[104.21266,0.80369],[104.20952,0.8059],[104.2027,0.80622],[104.19969,0.80399],[104.19984,0.79805],[104.1984,0.79758],[104.19729,0.79575],[104.19549,0.79526],[104.18958,0.79022],[104.18495,0.7888],[104.18102,0.78286],[104.17864,0.78277],[104.17713,0.78357],[104.17658,0.78367],[104.17602,0.78367],[104.1757,0.78389],[104.17531,0.78458],[104.17497,0.78449],[104.1743,0.78485],[104.17441,0.78522],[104.17432,0.78563],[104.17383,0.78606],[104.17379,0.7864],[104.17336,0.78606],[104.17322,0.78555],[104.17293,0.78534],[104.17261,0.78526],[104.17186,0.78566],[104.17164,0.78603],[104.17073,0.78633],[104.17024,0.7862],[104.16856,0.78652],[104.16717,0.78808],[104.16721,0.78829],[104.1674,0.78866],[104.16724,0.78916],[104.16664,0.78961],[104.16608,0.7898],[104.16568,0.78986],[104.16541,0.79021],[104.16493,0.79198],[104.16408,0.80026],[104.16264,0.80202],[104.16291,0.8045],[104.16117,0.80561],[104.1622,0.80773],[104.15924,0.81559],[104.15655,0.81562],[104.15411,0.81712],[104.15732,0.82049],[104.15724,0.8224],[104.15758,0.82483],[104.1525,0.83485],[104.15168,0.83555],[104.15056,0.83875],[104.14907,0.84049],[104.14912,0.84175],[104.14984,0.84237],[104.14952,0.84633],[104.14903,0.8469],[104.14864,0.84916],[104.14792,0.85144],[104.14836,0.85244],[104.14736,0.85423],[104.14733,0.85522],[104.14559,0.85681],[104.14533,0.85764],[104.14414,0.85794],[104.14383,0.85899],[104.14269,0.85934],[104.13999,0.86103],[104.13899,0.86044],[104.13867,0.86088],[104.14013,0.8626],[104.13973,0.86337],[104.13743,0.86372],[104.13575,0.86492],[104.13183,0.86647],[104.12813,0.86673],[104.12496,0.86586],[104.12347,0.86461],[104.12237,0.86445],[104.12244,0.8639],[104.12161,0.86209],[104.12079,0.86187],[104.12139,0.86434],[104.12112,0.86534],[104.12043,0.86555],[104.11886,0.86519],[104.11816,0.86681],[104.11931,0.868],[104.1185,0.86913],[104.11948,0.8701],[104.11849,0.87194],[104.11919,0.87314],[104.11887,0.87606],[104.11612,0.87787],[104.11258,0.87789],[104.10606,0.87998],[104.10233,0.88037],[104.10138,0.88017],[104.10048,0.88042],[104.09948,0.87971],[104.09889,0.8767],[104.0983,0.8762],[104.09789,0.87519],[104.09767,0.87494],[104.09759,0.8748],[104.09765,0.8747],[104.09781,0.87465],[104.09794,0.87461],[104.09807,0.87445],[104.09811,0.87436],[104.09888,0.87402],[104.09731,0.87278],[104.09767,0.87209],[104.09748,0.87158],[104.09469,0.87188],[104.09309,0.86994],[104.09223,0.87082],[104.09238,0.87126],[104.09293,0.87137],[104.09294,0.87196],[104.09249,0.87214],[104.09259,0.8726],[104.09339,0.87266],[104.09402,0.87313],[104.09389,0.87426],[104.09293,0.87589],[104.09287,0.87754],[104.09435,0.88046],[104.0936,0.88303],[104.09397,0.8838],[104.09293,0.88699],[104.09318,0.88933],[104.09369,0.88933],[104.09373,0.89018],[104.09342,0.89065],[104.09346,0.89118],[104.09284,0.89187],[104.09291,0.89349],[104.09273,0.89364],[104.09259,0.89456],[104.09304,0.89538],[104.09235,0.89606],[104.09257,0.89667],[104.09199,0.89786],[104.09078,0.89831],[104.0909,0.90023],[104.09116,0.90095],[104.09151,0.90243],[104.09105,0.90368],[104.0915,0.90395],[104.0913,0.90436],[104.0915,0.90656],[104.09138,0.90702],[104.09149,0.90742],[104.09176,0.90764],[104.09159,0.90838],[104.09164,0.90988],[104.09133,0.9109],[104.09121,0.91184],[104.09132,0.91268],[104.09186,0.91342],[104.09181,0.91451],[104.09279,0.91548],[104.09282,0.91602],[104.09329,0.91647],[104.09313,0.91776],[104.09343,0.91817],[104.09362,0.92342],[104.09376,0.92475],[104.09465,0.92524],[104.09512,0.92595],[104.0952,0.92697],[104.09237,0.93041],[104.09145,0.93239],[104.08838,0.93502],[104.088,0.93623],[104.08526,0.93758],[104.08496,0.93814],[104.08401,0.93802],[104.08321,0.93735],[104.08171,0.94032],[104.08117,0.94001],[104.07886,0.94288],[104.0786,0.94325],[104.07852,0.94362],[104.07841,0.94396],[104.07818,0.94431],[104.07827,0.94478],[104.07814,0.94511],[104.07927,0.94568],[104.07937,0.94576],[104.08054,0.94681],[104.08234,0.94681],[104.08404,0.94869],[104.08407,0.95224],[104.0837,0.95373],[104.08246,0.9547],[104.08255,0.95533],[104.0818,0.95548],[104.0804,0.95673],[104.08021,0.95735],[104.07883,0.95853],[104.07845,0.95882],[104.07815,0.9591],[104.07781,0.95945],[104.0776,0.95972],[104.07739,0.95993]]],[[[104.17099,0.77966],[104.17511,0.78241],[104.1782,0.77932],[104.18232,0.7776],[104.18713,0.7752],[104.18644,0.77932],[104.18987,0.78309],[104.19296,0.7879],[104.19708,0.7903],[104.20017,0.79442],[104.20258,0.79923],[104.20532,0.7958],[104.2091,0.79305],[104.20944,0.78893],[104.21116,0.7855],[104.21322,0.78962],[104.217,0.7903],[104.21631,0.78618],[104.21974,0.78618],[104.22318,0.78653],[104.22695,0.78962],[104.23107,0.7903],[104.23519,0.7903],[104.23862,0.7903],[104.2424,0.79099],[104.2448,0.79511],[104.24824,0.79889],[104.25167,0.8006],[104.2551,0.80095],[104.25957,0.80095],[104.25991,0.79683],[104.25922,0.79271],[104.26334,0.79545],[104.26746,0.7958],[104.27158,0.7958],[104.27536,0.7982],[104.27605,0.79442],[104.27364,0.7903],[104.26987,0.78893],[104.26952,0.78447],[104.2654,0.78275],[104.2654,0.77898],[104.26643,0.77451],[104.26197,0.77383],[104.25785,0.77142],[104.25785,0.76765],[104.25819,0.76387],[104.25922,0.76009],[104.25922,0.75597],[104.26163,0.75117],[104.26197,0.74774],[104.26437,0.7443],[104.26678,0.74053],[104.26781,0.73709],[104.27124,0.734],[104.27021,0.73057],[104.27399,0.7292],[104.27845,0.73023],[104.28188,0.7292],[104.28463,0.72508],[104.28532,0.7213],[104.28909,0.71993],[104.29253,0.71856],[104.2963,0.71512],[104.29974,0.71272],[104.30386,0.71306],[104.30695,0.71203],[104.30935,0.70654],[104.30214,0.70894],[104.29768,0.70757],[104.29253,0.70894],[104.28806,0.70963],[104.28394,0.70826],[104.27879,0.71066],[104.27502,0.70997],[104.27399,0.7062],[104.27433,0.70242],[104.26952,0.70482],[104.2654,0.7062],[104.26128,0.70414],[104.2606,0.70894],[104.25682,0.71135],[104.25407,0.71547],[104.25407,0.71959],[104.24961,0.72199],[104.24583,0.72268],[104.24721,0.71787],[104.25133,0.71135],[104.25442,0.70791],[104.25716,0.70448],[104.25819,0.7007],[104.26266,0.70036],[104.25957,0.69693],[104.25957,0.69006],[104.25442,0.6935],[104.2503,0.69487],[104.24686,0.69521],[104.24206,0.69761],[104.23794,0.70105],[104.23485,0.70517],[104.23107,0.70929],[104.22832,0.71409],[104.22523,0.71787],[104.22146,0.72165],[104.21871,0.72576],[104.21631,0.72165],[104.21185,0.72027],[104.20773,0.72199],[104.20361,0.72542],[104.20086,0.72954],[104.19743,0.72576],[104.19365,0.7292],[104.1909,0.73366],[104.18781,0.73778],[104.19159,0.73915],[104.19056,0.74396],[104.18987,0.74808],[104.18987,0.7522],[104.1861,0.75494],[104.18369,0.75941],[104.18266,0.76387],[104.17889,0.76765],[104.17442,0.77142],[104.17133,0.77554],[104.17099,0.77966]]],[[[104.21109,0.71924],[104.21487,0.7189],[104.2183,0.71856],[104.22139,0.71478],[104.22517,0.71135],[104.22826,0.70791],[104.23169,0.70379],[104.23341,0.69933],[104.2365,0.6959],[104.23993,0.69281],[104.24336,0.68903],[104.2468,0.68697],[104.25092,0.68457],[104.25504,0.68148],[104.25847,0.67908],[104.26122,0.67564],[104.26362,0.67221],[104.26465,0.66809],[104.26808,0.67049],[104.25744,0.6856],[104.26019,0.68663],[104.26362,0.6832],[104.26671,0.67976],[104.27014,0.6777],[104.27426,0.67599],[104.27735,0.67255],[104.27975,0.66946],[104.28147,0.66534],[104.28422,0.66191],[104.28559,0.65779],[104.28559,0.65333],[104.28422,0.64955],[104.28593,0.64543],[104.28662,0.64166],[104.28902,0.63719],[104.28937,0.63273],[104.28525,0.63342],[104.28387,0.6293],[104.28662,0.62484],[104.28662,0.62072],[104.28593,0.61625],[104.28937,0.61248],[104.28181,0.61625],[104.27804,0.61934],[104.27495,0.62346],[104.27083,0.62621],[104.26671,0.62518],[104.26499,0.6214],[104.26328,0.6293],[104.26362,0.63376],[104.26087,0.63822],[104.25778,0.64269],[104.25469,0.64681],[104.25092,0.65093],[104.2492,0.65505],[104.2492,0.65917],[104.24851,0.66328],[104.24714,0.6674],[104.24371,0.67187],[104.23959,0.67152],[104.23375,0.6729],[104.23306,0.67667],[104.23066,0.68114],[104.22929,0.68491],[104.22551,0.68869],[104.22379,0.68526],[104.21967,0.68457],[104.21864,0.69006],[104.21796,0.69487],[104.21624,0.69864],[104.21212,0.70105],[104.21246,0.70517],[104.20972,0.70929],[104.2104,0.71341],[104.20697,0.7189],[104.21109,0.71924]]],[[[104.27103,0.68354],[104.27309,0.68491],[104.27464,0.68697],[104.27481,0.68972],[104.2767,0.68852],[104.27859,0.688],[104.27945,0.68629],[104.28133,0.68594],[104.28357,0.68629],[104.28511,0.68835],[104.28648,0.69041],[104.28837,0.68903],[104.29009,0.69109],[104.29198,0.69144],[104.29318,0.68972],[104.29507,0.68955],[104.29696,0.69058],[104.29816,0.68852],[104.30022,0.68697],[104.2985,0.68526],[104.29747,0.68354],[104.29678,0.68182],[104.29696,0.68011],[104.29816,0.67822],[104.29987,0.67667],[104.30142,0.67496],[104.30159,0.67307],[104.29936,0.67273],[104.2973,0.67324],[104.29661,0.6753],[104.29472,0.67461],[104.29404,0.67273],[104.29198,0.67324],[104.28992,0.67273],[104.28769,0.67204],[104.28563,0.67118],[104.28288,0.67255],[104.2803,0.67341],[104.27842,0.67564],[104.27704,0.67753],[104.27498,0.67908],[104.27292,0.68062],[104.27103,0.68354]]],[[[104.30908,0.67556],[104.30964,0.6753],[104.31011,0.67483],[104.31046,0.67436],[104.31101,0.67401],[104.31161,0.67423],[104.31183,0.67479],[104.31187,0.67551],[104.31196,0.6762],[104.31187,0.67685],[104.312,0.6774],[104.31247,0.67775],[104.3129,0.67809],[104.31337,0.67835],[104.31393,0.67856],[104.3144,0.67865],[104.31492,0.67873],[104.31548,0.67882],[104.31595,0.67882],[104.31642,0.67925],[104.31642,0.68002],[104.31642,0.68071],[104.31646,0.68139],[104.31646,0.68199],[104.31595,0.68217],[104.31539,0.68238],[104.31479,0.68251],[104.31432,0.68285],[104.31415,0.68354],[104.3138,0.68429],[104.31483,0.68534],[104.31531,0.68564],[104.31582,0.68594],[104.31629,0.68616],[104.31681,0.68637],[104.31737,0.68671],[104.31788,0.6868],[104.3184,0.68641],[104.31848,0.68594],[104.31865,0.68538],[104.31891,0.68491],[104.31921,0.68444],[104.31973,0.68423],[104.3202,0.68388],[104.32071,0.6835],[104.32114,0.68307],[104.3217,0.68272],[104.32222,0.68238],[104.32269,0.68208],[104.3232,0.68191],[104.32363,0.68165],[104.32419,0.68127],[104.32466,0.68088],[104.32518,0.68054],[104.32565,0.68024],[104.32612,0.67989],[104.32625,0.67946],[104.32642,0.67899],[104.32642,0.67848],[104.32642,0.67796],[104.32642,0.67745],[104.32646,0.67667],[104.32646,0.67624],[104.32659,0.67569],[104.32668,0.67517],[104.32668,0.67457],[104.32672,0.67406],[104.32676,0.67358],[104.32681,0.67311],[104.32681,0.6726],[104.32681,0.67212],[104.32664,0.67161],[104.32608,0.67182],[104.32548,0.67187],[104.32518,0.67131],[104.32535,0.67067],[104.32543,0.67015],[104.32543,0.66968],[104.32565,0.66904],[104.32569,0.66852],[104.32582,0.66801],[104.32612,0.66753],[104.32659,0.66719],[104.32715,0.66667],[104.32754,0.6662],[104.32801,0.66577],[104.32852,0.66539],[104.32904,0.66496],[104.32947,0.6644],[104.32994,0.66393],[104.3299,0.6635],[104.32973,0.66298],[104.32955,0.66251],[104.32925,0.66191],[104.32917,0.66135],[104.32891,0.6608],[104.32857,0.66028],[104.32805,0.66041],[104.32767,0.66101],[104.32728,0.66148],[104.32694,0.662],[104.32659,0.66251],[104.32621,0.66307],[104.32578,0.66367],[104.32526,0.66406],[104.32475,0.6641],[104.32406,0.66406],[104.32355,0.66414],[104.32303,0.6641],[104.32243,0.6641],[104.32191,0.6641],[104.32127,0.66406],[104.32067,0.66406],[104.32016,0.66414],[104.31955,0.66401],[104.319,0.6641],[104.31844,0.66406],[104.31792,0.66376],[104.31737,0.66346],[104.31685,0.66333],[104.31634,0.66294],[104.31582,0.6629],[104.31536,0.66271],[104.31506,0.66253],[104.31476,0.66253],[104.31443,0.66243],[104.31416,0.66236],[104.31386,0.66225],[104.31355,0.66219],[104.31328,0.66217],[104.313,0.662],[104.31265,0.662],[104.3125,0.66197],[104.31236,0.66198],[104.31222,0.66199],[104.31211,0.66195],[104.31199,0.66202],[104.31186,0.66206],[104.31173,0.66215],[104.31159,0.6622],[104.31154,0.66234],[104.31143,0.66247],[104.31138,0.6626],[104.31133,0.66273],[104.31129,0.66286],[104.31122,0.663],[104.31115,0.66313],[104.31108,0.66327],[104.31105,0.66341],[104.31099,0.66354],[104.3109,0.66368],[104.31086,0.66383],[104.31079,0.66396],[104.31073,0.66409],[104.31066,0.66423],[104.31062,0.66436],[104.31056,0.66449],[104.31049,0.66462],[104.31044,0.66474],[104.31038,0.66487],[104.31033,0.665],[104.31024,0.66513],[104.31022,0.66526],[104.31015,0.66539],[104.31009,0.66552],[104.31004,0.66564],[104.30998,0.66577],[104.30992,0.6659],[104.30987,0.66604],[104.30979,0.66617],[104.30972,0.66629],[104.30966,0.66642],[104.30962,0.66655],[104.30953,0.66667],[104.30948,0.6668],[104.30941,0.66693],[104.30933,0.66708],[104.30926,0.66723],[104.30919,0.66736],[104.30915,0.6675],[104.30907,0.66763],[104.309,0.66776],[104.30894,0.66789],[104.30888,0.66803],[104.3088,0.66816],[104.3088,0.66829],[104.30882,0.66842],[104.30883,0.66856],[104.30886,0.6687],[104.30888,0.66884],[104.30884,0.66897],[104.30881,0.6691],[104.3088,0.66923],[104.3088,0.66936],[104.30879,0.6695],[104.30878,0.66965],[104.30877,0.66979],[104.30877,0.66993],[104.30878,0.67005],[104.30879,0.67019],[104.30877,0.67032],[104.30876,0.67045],[104.30875,0.67061],[104.30875,0.67077],[104.30873,0.67092],[104.30873,0.67107],[104.30872,0.67123],[104.30871,0.67144],[104.30868,0.67166],[104.30867,0.67186],[104.30868,0.67214],[104.30866,0.67237],[104.30864,0.67251],[104.30864,0.67268],[104.30863,0.6729],[104.30861,0.67306],[104.30861,0.67321],[104.30859,0.67339],[104.30858,0.67355],[104.30858,0.67368],[104.30858,0.67382],[104.30857,0.67396],[104.30859,0.67414],[104.30856,0.67443],[104.30853,0.67461],[104.30853,0.67475],[104.30851,0.67488],[104.30861,0.67504],[104.30866,0.67518],[104.30874,0.67531],[104.30886,0.67539],[104.30908,0.67556]]]]}},{"type":"Feature","properties":{"name":"Bengkong"},"geometry":{"type":"MultiPolygon","coordinates":[[[[104.05842,1.15685],[104.05878,1.15847],[104.0587,1.15862],[104.05821,1.15916],[104.05809,1.15909],[104.0578,1.15854],[104.05658,1.15851],[104.05445,1.15852],[104.05414,1.15859],[104.05379,1.15879],[104.05303,1.15924],[104.05247,1.15943],[104.05248,1.15958],[104.05273,1.15968],[104.05307,1.1597],[104.05379,1.15961],[104.05475,1.15958],[104.05517,1.15973],[104.05537,1.15994],[104.05557,1.16061],[104.05561,1.16087],[104.05546,1.16098],[104.05471,1.16124],[104.05417,1.16161],[104.05379,1.16211],[104.05343,1.16229],[104.05259,1.16241],[104.05226,1.16265],[104.052,1.16304],[104.05176,1.16378],[104.05172,1.16419],[104.05169,1.1645],[104.05172,1.16558],[104.05159,1.16574],[104.05142,1.1657],[104.051,1.16547],[104.05069,1.16507],[104.05024,1.16485],[104.05008,1.16453],[104.04989,1.16402],[104.04818,1.16467],[104.04851,1.1656],[104.04879,1.16634],[104.04939,1.16742],[104.04989,1.1684],[104.04986,1.16873],[104.04961,1.16886],[104.0493,1.16921],[104.04916,1.16956],[104.049,1.16979],[104.04775,1.16962],[104.04753,1.16972],[104.04718,1.17056],[104.04813,1.17057],[104.04819,1.17076],[104.04795,1.1712],[104.0478,1.17166],[104.04723,1.1724],[104.04655,1.17264],[104.04607,1.17266],[104.04495,1.17312],[104.04479,1.1733],[104.04444,1.1733],[104.04428,1.1735],[104.04427,1.1737],[104.04407,1.17372],[104.04377,1.174],[104.04265,1.17553],[104.04141,1.17707],[104.04124,1.17711],[104.04125,1.17687],[104.04114,1.17667],[104.04075,1.17653],[104.04023,1.17656],[104.03944,1.17692],[104.03897,1.17706],[104.03805,1.177],[104.03759,1.17681],[104.03683,1.17607],[104.03636,1.17647],[104.03567,1.17742],[104.03517,1.17814],[104.03411,1.17834],[104.03353,1.17871],[104.03299,1.17906],[104.03207,1.17875],[104.03095,1.17728],[104.03047,1.17668],[104.03007,1.17652],[104.0293,1.17607],[104.02896,1.17609],[104.0285,1.17652],[104.02851,1.1771],[104.02863,1.17745],[104.02926,1.17827],[104.02937,1.17865],[104.02936,1.17888],[104.02924,1.1791],[104.02886,1.17933],[104.0286,1.17934],[104.0284,1.17924],[104.02799,1.17892],[104.02754,1.17897],[104.02707,1.17893],[104.02703,1.17881],[104.02717,1.17862],[104.02723,1.17802],[104.02712,1.17785],[104.02699,1.17774],[104.02609,1.17676],[104.02588,1.17675],[104.0261,1.1759],[104.02645,1.17572],[104.02661,1.17553],[104.02671,1.17501],[104.02589,1.17508],[104.0251,1.17499],[104.02429,1.17425],[104.02407,1.17396],[104.02346,1.17369],[104.02283,1.17382],[104.02243,1.17371],[104.02229,1.17334],[104.02218,1.17299],[104.02226,1.17254],[104.02236,1.17227],[104.02228,1.17204],[104.02188,1.17168],[104.02142,1.17164],[104.02106,1.17159],[104.02067,1.17152],[104.02028,1.17147],[104.01941,1.17143],[104.0185,1.17089],[104.01788,1.17031],[104.0167,1.16916],[104.01671,1.16847],[104.01663,1.16822],[104.01573,1.16807],[104.01531,1.16797],[104.01436,1.16727],[104.01426,1.16691],[104.01451,1.16658],[104.01436,1.165],[104.01447,1.16422],[104.01446,1.16295],[104.01525,1.16261],[104.01599,1.16184],[104.01673,1.16059],[104.01783,1.16046],[104.01892,1.1599],[104.02096,1.15872],[104.02244,1.15855],[104.02383,1.15838],[104.0251,1.15831],[104.02506,1.15756],[104.02375,1.15518],[104.02435,1.15181],[104.02549,1.1504],[104.02621,1.14975],[104.02621,1.14887],[104.02635,1.14794],[104.02748,1.14605],[104.02797,1.14482],[104.02806,1.14339],[104.02764,1.14036],[104.02749,1.13944],[104.02735,1.13874],[104.02751,1.13811],[104.02773,1.13763],[104.03059,1.13779],[104.03173,1.13784],[104.03376,1.13778],[104.03443,1.13782],[104.03444,1.13836],[104.03501,1.13989],[104.03648,1.1397],[104.03746,1.13974],[104.03828,1.13978],[104.03828,1.13813],[104.04078,1.13804],[104.0419,1.13801],[104.04324,1.13765],[104.04346,1.13725],[104.04369,1.1364],[104.04391,1.13485],[104.04557,1.13633],[104.04755,1.13811],[104.04989,1.14022],[104.05014,1.1409],[104.05012,1.14283],[104.05011,1.14588],[104.05011,1.14676],[104.05047,1.14678],[104.05044,1.14875],[104.05072,1.14951],[104.05095,1.14977],[104.05118,1.14986],[104.05333,1.15014],[104.05373,1.15012],[104.05386,1.1502],[104.05402,1.15036],[104.05432,1.15098],[104.0551,1.15194],[104.05538,1.15208],[104.05572,1.15221],[104.05649,1.15237],[104.05688,1.15198],[104.05723,1.15236],[104.05736,1.15231],[104.05744,1.15231],[104.05756,1.1524],[104.05758,1.15249],[104.05752,1.15275],[104.05771,1.15315],[104.05793,1.15427],[104.05842,1.15685]]]]}},{"type":"Feature","properties":{"name":"Batu Ampar"},"geometry":{"type":"MultiPolygon","coordinates":[[[[104.02547,1.15043],[104.02503,1.15028],[104.02269,1.1503],[104.02302,1.14953],[104.02317,1.1492],[104.02327,1.14862],[104.02319,1.14808],[104.02299,1.14782],[104.02218,1.14667],[104.02129,1.14683],[104.02036,1.14705],[104.02031,1.14734],[104.02027,1.14825],[104.01934,1.14825],[104.01781,1.14868],[104.01726,1.14787],[104.01705,1.14754],[104.01679,1.14726],[104.01653,1.14685],[104.01615,1.14711],[104.01521,1.14739],[104.01415,1.14761],[104.01327,1.14782],[104.0121,1.1485],[104.01222,1.14927],[104.0123,1.14986],[104.01204,1.15042],[104.01151,1.15117],[104.0112,1.15152],[104.01043,1.15199],[104.00966,1.15244],[104.00929,1.15254],[104.00895,1.15247],[104.00875,1.15233],[104.0085,1.15207],[104.00823,1.15171],[104.00807,1.15156],[104.00788,1.15155],[104.00732,1.15154],[104.00693,1.1516],[104.0064,1.15177],[104.00582,1.152],[104.00355,1.15225],[104.00302,1.15235],[103.99925,1.15177],[103.99882,1.15229],[103.99653,1.15384],[103.99633,1.15424],[103.99572,1.15475],[103.99447,1.15527],[103.99415,1.15599],[103.99418,1.15658],[103.99379,1.1566],[103.99375,1.15786],[103.99574,1.15783],[103.99569,1.16027],[103.99584,1.16025],[103.99581,1.16057],[103.99392,1.1608],[103.99406,1.16191],[103.99594,1.16177],[103.99602,1.16396],[103.9967,1.16406],[103.99677,1.16483],[104.00121,1.16496],[104.00213,1.16499],[104.00206,1.16767],[103.99825,1.16761],[103.99283,1.16748],[103.99286,1.16803],[103.99334,1.16803],[103.99333,1.16782],[103.99605,1.16789],[103.9961,1.16852],[103.99822,1.16861],[103.99875,1.16906],[103.99884,1.16938],[103.9989,1.17016],[103.99848,1.17099],[103.9985,1.17114],[103.99868,1.17127],[103.99944,1.17129],[103.99986,1.17116],[104.0015,1.17102],[104.00153,1.1708],[104.00165,1.17079],[104.00161,1.17044],[104.00299,1.17025],[104.00335,1.17302],[103.99844,1.17376],[103.99862,1.17599],[103.99868,1.17609],[103.99877,1.17614],[103.99883,1.17645],[104.00101,1.17618],[104.00114,1.17709],[103.99979,1.17787],[103.99937,1.17805],[103.99921,1.17807],[103.99911,1.17807],[103.99898,1.17802],[103.99887,1.17759],[103.99818,1.17766],[103.99829,1.1784],[103.99847,1.17876],[103.99912,1.17916],[103.9997,1.18003],[103.99951,1.18021],[103.99969,1.18048],[103.99992,1.18033],[104.00068,1.1814],[104.00143,1.18228],[104.00213,1.18338],[104.00225,1.18328],[104.00258,1.18373],[104.00229,1.18398],[104.00282,1.18466],[104.0032,1.18443],[104.00344,1.18477],[104.00321,1.18499],[104.00338,1.18516],[104.0035,1.18503],[104.00374,1.18526],[104.00381,1.18551],[104.00481,1.18657],[104.00643,1.18781],[104.00777,1.18622],[104.00849,1.18562],[104.01044,1.18784],[104.01168,1.18787],[104.01208,1.18776],[104.01228,1.18737],[104.0131,1.18779],[104.01297,1.188],[104.01337,1.18813],[104.01342,1.18828],[104.01306,1.189],[104.01305,1.18916],[104.01381,1.19122],[104.01384,1.19153],[104.01384,1.19167],[104.01369,1.19189],[104.01373,1.19201],[104.01402,1.1921],[104.01455,1.19226],[104.01484,1.1923],[104.01503,1.19203],[104.01596,1.19175],[104.01648,1.19181],[104.01676,1.19193],[104.01685,1.19205],[104.01689,1.19238],[104.01833,1.19235],[104.01841,1.1922],[104.01865,1.1922],[104.01867,1.19234],[104.0207,1.19237],[104.02068,1.19216],[104.02045,1.19212],[104.02046,1.18887],[104.02132,1.18856],[104.02233,1.18831],[104.02291,1.18826],[104.02338,1.18836],[104.0242,1.18874],[104.02437,1.18896],[104.02465,1.18989],[104.02472,1.19046],[104.02485,1.19062],[104.025,1.19069],[104.02519,1.19064],[104.02557,1.19013],[104.02548,1.18944],[104.02595,1.1889],[104.02625,1.1884],[104.02623,1.18793],[104.02626,1.18721],[104.02618,1.18599],[104.02624,1.18577],[104.02659,1.18536],[104.02706,1.18539],[104.02714,1.18521],[104.02705,1.18414],[104.02699,1.18407],[104.0269,1.18408],[104.02607,1.18465],[104.02584,1.18436],[104.02542,1.18425],[104.02521,1.18406],[104.02547,1.1839],[104.02527,1.18349],[104.025,1.18357],[104.02486,1.18357],[104.02457,1.18231],[104.02491,1.18224],[104.02598,1.18213],[104.02748,1.18216],[104.02872,1.18223],[104.02909,1.18225],[104.02952,1.18212],[104.02964,1.18186],[104.02962,1.18168],[104.02952,1.18155],[104.02876,1.18106],[104.02778,1.18039],[104.02656,1.17951],[104.02611,1.17918],[104.02546,1.17881],[104.02506,1.1785],[104.02499,1.17799],[104.02516,1.17709],[104.02534,1.17687],[104.0259,1.17673],[104.02597,1.17642],[104.02609,1.17591],[104.02646,1.17573],[104.02661,1.17553],[104.02671,1.17502],[104.0259,1.17508],[104.02509,1.175],[104.02428,1.17426],[104.02407,1.17397],[104.02345,1.17369],[104.02282,1.17383],[104.02243,1.17371],[104.02228,1.17334],[104.02218,1.17298],[104.02226,1.17254],[104.02237,1.17227],[104.02228,1.17204],[104.02188,1.17169],[104.02127,1.17162],[104.02106,1.17159],[104.02069,1.17152],[104.02028,1.17146],[104.01941,1.17143],[104.0185,1.17089],[104.01769,1.17013],[104.01669,1.16916],[104.01671,1.16848],[104.01663,1.16822],[104.01582,1.16809],[104.01532,1.16798],[104.01489,1.16767],[104.01436,1.16727],[104.01426,1.1669],[104.01451,1.16657],[104.01442,1.16562],[104.01436,1.165],[104.01447,1.16422],[104.01446,1.16337],[104.01446,1.16296],[104.01526,1.16261],[104.0158,1.16203],[104.01599,1.16184],[104.01623,1.16143],[104.01659,1.16083],[104.01673,1.16059],[104.01768,1.16047],[104.01783,1.16046],[104.01868,1.16003],[104.01958,1.15952],[104.02096,1.15872],[104.02125,1.15869],[104.02231,1.15857],[104.02295,1.15849],[104.02378,1.15838],[104.02384,1.15838],[104.02493,1.15833],[104.0251,1.15832],[104.02506,1.15757],[104.0249,1.15727],[104.02449,1.15652],[104.02389,1.15544],[104.02375,1.15518],[104.02385,1.15458],[104.024,1.15377],[104.02412,1.15309],[104.02426,1.15232],[104.02435,1.15181],[104.02485,1.15119],[104.02544,1.15045],[104.02547,1.15043]]]]}},{"type":"Feature","properties":{"name":"Sagulung"},"geometry":{"type":"MultiPolygon","coordinates":[[[[104.0212,1.02421],[104.02011,1.02579],[104.01941,1.02682],[104.01862,1.02819],[104.01756,1.02964],[104.0184,1.03007],[104.01768,1.03152],[104.01809,1.03206],[104.01915,1.03292],[104.01938,1.03545],[104.01956,1.03815],[104.01859,1.0392],[104.01715,1.03928],[104.01499,1.04101],[104.0152,1.04221],[104.01463,1.04377],[104.01345,1.04542],[104.0128,1.04635],[104.01154,1.0472],[104.00981,1.05025],[104.00773,1.05059],[104.00554,1.04464],[104.00522,1.04404],[104.00428,1.04318],[103.99776,1.03885],[103.99732,1.0387],[103.99658,1.03883],[103.99462,1.03999],[103.99095,1.04155],[103.98986,1.04195],[103.98923,1.04185],[103.98707,1.04065],[103.98634,1.04039],[103.98583,1.04039],[103.98507,1.04075],[103.98326,1.04187],[103.9802,1.04368],[103.97988,1.04393],[103.97904,1.04415],[103.97741,1.04431],[103.96966,1.04521],[103.96349,1.04585],[103.95747,1.04641],[103.95567,1.04651],[103.95481,1.04673],[103.95406,1.04738],[103.95334,1.04928],[103.95255,1.05131],[103.95211,1.05265],[103.95146,1.05236],[103.94899,1.05112],[103.94682,1.0501],[103.94502,1.04916],[103.94254,1.04798],[103.94078,1.04705],[103.93993,1.04666],[103.93922,1.0465],[103.93851,1.04663],[103.93705,1.04737],[103.93516,1.04868],[103.93379,1.04992],[103.9324,1.05089],[103.93115,1.05168],[103.93008,1.05243],[103.92896,1.05294],[103.92835,1.05201],[103.92768,1.05086],[103.92741,1.05035],[103.92722,1.04942],[103.92714,1.04861],[103.927,1.04741],[103.92674,1.04539],[103.92651,1.04321],[103.92649,1.04186],[103.92652,1.04018],[103.92654,1.03832],[103.92656,1.03602],[103.92662,1.03566],[103.92731,1.03386],[103.92801,1.03188],[103.9281,1.03155],[103.9281,1.03117],[103.92761,1.02975],[103.92684,1.02794],[103.92638,1.02697],[103.92603,1.02648],[103.92549,1.02597],[103.92567,1.02576],[103.92555,1.02559],[103.92649,1.02506],[103.9266,1.02527],[103.9278,1.02461],[103.92949,1.02333],[103.93138,1.02169],[103.93182,1.02211],[103.93167,1.02223],[103.93302,1.02405],[103.93371,1.02352],[103.93227,1.02164],[103.932,1.02188],[103.93115,1.02104],[103.93135,1.02072],[103.93151,1.0201],[103.93222,1.01919],[103.93367,1.01786],[103.93347,1.01759],[103.93531,1.01582],[103.93587,1.01545],[103.93611,1.01511],[103.93592,1.01496],[103.93625,1.01452],[103.93726,1.0151],[103.93802,1.01401],[103.93766,1.01383],[103.93784,1.01324],[103.93809,1.01332],[103.93823,1.01311],[103.93788,1.01287],[103.93864,1.01185],[103.93911,1.01216],[103.93928,1.01187],[103.93881,1.0116],[103.93891,1.01147],[103.94095,1.01262],[103.94111,1.01228],[103.93912,1.01105],[103.93919,1.0109],[103.9395,1.01114],[103.9396,1.01096],[103.94011,1.01118],[103.94069,1.01068],[103.94136,1.00891],[103.94155,1.00891],[103.94177,1.00846],[103.94192,1.00797],[103.94227,1.00778],[103.94274,1.00768],[103.94359,1.00782],[103.94371,1.00809],[103.94369,1.0083],[103.94439,1.00833],[103.94438,1.00795],[103.94455,1.00798],[103.94455,1.00872],[103.94492,1.00875],[103.94508,1.00894],[103.94618,1.00898],[103.94705,1.00894],[103.9471,1.00916],[103.94767,1.00917],[103.94764,1.00833],[103.94921,1.00817],[103.94946,1.00826],[103.95074,1.00812],[103.95077,1.0087],[103.95118,1.00871],[103.95114,1.00808],[103.9521,1.00804],[103.9521,1.0079],[103.95221,1.00789],[103.95225,1.00839],[103.95259,1.00835],[103.95262,1.00791],[103.95276,1.00792],[103.95277,1.00818],[103.9531,1.00816],[103.95307,1.00786],[103.95462,1.00786],[103.95466,1.00932],[103.95496,1.00932],[103.955,1.00861],[103.95575,1.00875],[103.95578,1.01013],[103.95666,1.01008],[103.95635,1.00908],[103.956,1.00874],[103.95591,1.00838],[103.95637,1.00777],[103.95601,1.00751],[103.95592,1.00724],[103.95572,1.0072],[103.95568,1.00694],[103.95589,1.00637],[103.95635,1.00576],[103.95779,1.00494],[103.95811,1.00494],[103.95799,1.00552],[103.95846,1.00549],[103.95851,1.00488],[103.95887,1.00485],[103.95881,1.0055],[103.95936,1.00553],[103.95938,1.00485],[103.95958,1.00494],[103.9598,1.0053],[103.96012,1.00531],[103.96023,1.00521],[103.96032,1.00523],[103.96031,1.00539],[103.96071,1.00542],[103.96079,1.0053],[103.96125,1.00533],[103.96127,1.00543],[103.96164,1.00553],[103.9617,1.00543],[103.96267,1.0057],[103.96306,1.0058],[103.96302,1.00589],[103.96334,1.00599],[103.96342,1.00587],[103.96385,1.00601],[103.96366,1.00669],[103.96396,1.00677],[103.96418,1.00608],[103.96538,1.0064],[103.96528,1.00653],[103.96533,1.00664],[103.96566,1.00669],[103.96584,1.00666],[103.9665,1.00693],[103.96669,1.00708],[103.96678,1.00731],[103.96737,1.00733],[103.9674,1.00773],[103.96862,1.00804],[103.96906,1.00835],[103.96913,1.00855],[103.96906,1.00877],[103.96911,1.00899],[103.97008,1.0092],[103.97121,1.00995],[103.97183,1.01026],[103.9721,1.01035],[103.97353,1.01036],[103.97488,1.01026],[103.9767,1.00987],[103.97971,1.00855],[103.98031,1.00826],[103.98117,1.0082],[103.98157,1.00829],[103.98176,1.00871],[103.98259,1.00939],[103.98425,1.01091],[103.98521,1.01159],[103.98894,1.01333],[103.9892,1.01387],[103.98927,1.01435],[103.98898,1.01646],[103.9887,1.01692],[103.98878,1.01789],[103.99024,1.01759],[103.99425,1.01548],[103.9954,1.01391],[103.99577,1.01361],[103.99685,1.0127],[103.99751,1.01167],[103.9986,1.00904],[103.99869,1.00851],[103.99928,1.0076],[103.99972,1.006],[103.99982,1.00542],[103.99975,1.00519],[103.99993,1.00428],[104.00038,1.00353],[104.00081,1.00305],[104.00194,1.0027],[104.00245,1.00262],[104.00301,1.00277],[104.00351,1.00333],[104.00381,1.00342],[104.00443,1.00254],[104.00488,1.00175],[104.00499,1.00133],[104.00486,1.0001],[104.0051,0.99933],[104.00647,0.9975],[104.00869,0.99508],[104.00927,0.99376],[104.00939,0.99327],[104.00917,0.99223],[104.00929,0.99081],[104.00955,0.99049],[104.00994,0.99037],[104.01016,0.9902],[104.0102,0.98997],[104.00944,0.98931],[104.00882,0.98915],[104.00859,0.98883],[104.00853,0.98807],[104.00848,0.98705],[104.00832,0.98697],[104.00799,0.98701],[104.00779,0.98679],[104.00787,0.98661],[104.00807,0.98636],[104.0086,0.98595],[104.00871,0.98586],[104.00886,0.98585],[104.00903,0.98591],[104.00913,0.98602],[104.00917,0.98615],[104.00915,0.98668],[104.00922,0.98741],[104.00938,0.98767],[104.00972,0.98789],[104.01034,0.98805],[104.01163,0.98841],[104.01198,0.98845],[104.0125,0.98825],[104.01303,0.98786],[104.01442,0.98685],[104.01546,0.9861],[104.01589,0.98588],[104.0168,0.9856],[104.01766,0.98554],[104.01847,0.98572],[104.01898,0.98606],[104.01971,0.9869],[104.01984,0.98722],[104.01999,0.98815],[104.02018,0.98847],[104.02052,0.98862],[104.02087,0.98862],[104.02125,0.98847],[104.02242,0.98725],[104.02255,0.98712],[104.02315,0.98598],[104.02381,0.98469],[104.02457,0.98315],[104.02478,0.983],[104.02518,0.98303],[104.0253,0.98308],[104.02539,0.98315],[104.02543,0.98352],[104.02554,0.98378],[104.02576,0.98399],[104.02614,0.98425],[104.02625,0.98432],[104.02662,0.98444],[104.0268,0.98445],[104.02694,0.98438],[104.02702,0.98428],[104.02701,0.98408],[104.02673,0.98371],[104.02669,0.98352],[104.02673,0.98332],[104.02696,0.98312],[104.02738,0.98296],[104.02765,0.98268],[104.02842,0.98222],[104.02862,0.98213],[104.02887,0.98212],[104.02988,0.98245],[104.03052,0.98265],[104.03091,0.98285],[104.03106,0.98286],[104.03121,0.9828],[104.03149,0.98226],[104.03165,0.98209],[104.03206,0.98197],[104.03225,0.98187],[104.0326,0.98135],[104.0328,0.98102],[104.03283,0.98083],[104.03282,0.98074],[104.03274,0.98071],[104.03227,0.98079],[104.03218,0.98083],[104.03212,0.98081],[104.03211,0.98077],[104.03211,0.98066],[104.03216,0.98061],[104.03223,0.9806],[104.03258,0.98055],[104.03285,0.98055],[104.03315,0.98053],[104.03339,0.98053],[104.03413,0.98023],[104.03441,0.98037],[104.03526,0.98099],[104.0359,0.98112],[104.0359,0.98136],[104.03595,0.98138],[104.0365,0.98141],[104.03654,0.98092],[104.03657,0.98088],[104.0367,0.9809],[104.03689,0.98122],[104.03696,0.98125],[104.03741,0.98126],[104.03789,0.98126],[104.0381,0.98123],[104.03827,0.98126],[104.03858,0.98146],[104.03861,0.98151],[104.03861,0.98162],[104.0384,0.98201],[104.03833,0.98237],[104.03839,0.98256],[104.03855,0.98274],[104.03906,0.98311],[104.03912,0.98311],[104.03917,0.9831],[104.03927,0.98305],[104.03958,0.98282],[104.03966,0.98278],[104.03973,0.98276],[104.03998,0.9827],[104.0402,0.98266],[104.0403,0.98265],[104.04054,0.98251],[104.04096,0.98284],[104.04097,0.9829],[104.04095,0.98303],[104.04078,0.98332],[104.04077,0.98343],[104.04082,0.98354],[104.04087,0.98366],[104.04107,0.98381],[104.04144,0.9843],[104.04152,0.98447],[104.04136,0.9846],[104.04198,0.98557],[104.04231,0.98603],[104.04237,0.98619],[104.04231,0.98647],[104.04196,0.98688],[104.04143,0.98749],[104.04126,0.98771],[104.04121,0.98783],[104.04142,0.98817],[104.04194,0.98846],[104.04216,0.98848],[104.04374,0.98795],[104.04504,0.98798],[104.04595,0.98861],[104.04612,0.9889],[104.04618,0.98919],[104.04598,0.98995],[104.04558,0.99097],[104.04544,0.99134],[104.0451,0.99177],[104.04473,0.9918],[104.04386,0.99109],[104.04339,0.99118],[104.04278,0.99102],[104.04232,0.99114],[104.04202,0.9907],[104.04195,0.99047],[104.04232,0.98988],[104.04211,0.9895],[104.03973,0.98781],[104.0397,0.98843],[104.03982,0.98891],[104.03966,0.99025],[104.03898,0.99101],[104.03856,0.99109],[104.03805,0.99074],[104.0379,0.98964],[104.03731,0.9884],[104.03688,0.99086],[104.03531,0.99176],[104.03469,0.99282],[104.03677,0.99257],[104.03726,0.99387],[104.03766,0.99348],[104.03792,0.9937],[104.03816,0.99439],[104.03862,0.99404],[104.0392,0.99422],[104.03921,0.99458],[104.03908,0.9949],[104.03857,0.99505],[104.03812,0.99567],[104.03755,0.99571],[104.03691,0.99474],[104.03652,0.99523],[104.03626,0.99579],[104.03575,0.99578],[104.0347,0.99675],[104.03412,0.99696],[104.03366,0.99682],[104.03313,0.9974],[104.03255,0.99845],[104.03126,0.99873],[104.0304,0.99937],[104.02943,1.0005],[104.02983,1.00135],[104.02889,1.00195],[104.02938,1.00277],[104.02903,1.00356],[104.0274,1.00391],[104.02725,1.00488],[104.02706,1.00574],[104.02663,1.00698],[104.02634,1.0077],[104.02627,1.00823],[104.02594,1.00929],[104.02532,1.00991],[104.02537,1.01047],[104.02517,1.01098],[104.02514,1.01229],[104.02534,1.01252],[104.02622,1.01283],[104.02663,1.01326],[104.02609,1.01393],[104.02499,1.01433],[104.02461,1.01524],[104.02525,1.01555],[104.02628,1.01555],[104.02686,1.0158],[104.02684,1.01624],[104.02585,1.01692],[104.02455,1.01646],[104.02438,1.01708],[104.02445,1.01758],[104.02414,1.01817],[104.02429,1.01832],[104.02346,1.01925],[104.02254,1.02065],[104.02156,1.0213],[104.02135,1.0219],[104.02172,1.02238],[104.0217,1.02295],[104.02083,1.02386],[104.0212,1.02421]]]]}},{"type":"Feature","properties":{"name":"Belakang Padang"},"geometry":{"type":"MultiPolygon","coordinates":[[[[103.87541,1.13064],[103.87497,1.13035],[103.87441,1.13012],[103.87383,1.12971],[103.87313,1.12929],[103.87283,1.12918],[103.87229,1.12916],[103.87205,1.12932],[103.87173,1.12985],[103.87146,1.13009],[103.87139,1.13027],[103.87142,1.13048],[103.87177,1.13067],[103.87198,1.13087],[103.87196,1.13122],[103.87184,1.13166],[103.87196,1.13187],[103.87234,1.13201],[103.87282,1.13225],[103.87327,1.13253],[103.87354,1.13271],[103.87372,1.13271],[103.87397,1.13259],[103.8748,1.1322],[103.87502,1.13211],[103.87538,1.13175],[103.87551,1.13137],[103.87554,1.13111],[103.87554,1.13087],[103.87541,1.13064]]],[[[103.87993,1.12825],[103.88027,1.12784],[103.88042,1.12765],[103.88064,1.12745],[103.88069,1.12718],[103.88042,1.12666],[103.87991,1.12615],[103.8795,1.12591],[103.87912,1.12578],[103.87892,1.12567],[103.87863,1.12547],[103.87843,1.12525],[103.87823,1.12499],[103.8781,1.12485],[103.87786,1.12479],[103.87761,1.12479],[103.877,1.12499],[103.87668,1.12514],[103.87637,1.12527],[103.87613,1.1252],[103.87571,1.12486],[103.87548,1.12461],[103.87529,1.12446],[103.87508,1.12438],[103.87477,1.1241],[103.87467,1.12398],[103.87447,1.12396],[103.87422,1.12412],[103.87388,1.12448],[103.87361,1.12466],[103.87346,1.12541],[103.87346,1.12585],[103.87358,1.12607],[103.8738,1.12622],[103.87407,1.1263],[103.87446,1.12644],[103.87469,1.1266],[103.87483,1.12684],[103.87501,1.12718],[103.87494,1.12744],[103.87484,1.12765],[103.87463,1.12782],[103.87451,1.12801],[103.87446,1.12819],[103.87458,1.12872],[103.8748,1.12906],[103.87502,1.12936],[103.87532,1.12968],[103.87551,1.12986],[103.87594,1.1303],[103.87612,1.13038],[103.87658,1.13044],[103.87681,1.13043],[103.87705,1.13033],[103.87728,1.13017],[103.87751,1.13006],[103.87765,1.12988],[103.87778,1.12951],[103.87795,1.12905],[103.87834,1.12887],[103.87878,1.12881],[103.87901,1.12877],[103.8794,1.12858],[103.87975,1.12836],[103.87993,1.12825]]],[[[103.88523,1.12591],[103.88529,1.12544],[103.88529,1.12526],[103.88518,1.12514],[103.88495,1.12505],[103.88485,1.12488],[103.88482,1.1247],[103.88484,1.12456],[103.88505,1.12435],[103.88519,1.12412],[103.8852,1.12398],[103.88502,1.12369],[103.88462,1.12317],[103.88421,1.1227],[103.884,1.12255],[103.88389,1.12242],[103.88379,1.12228],[103.88362,1.12212],[103.88349,1.12207],[103.88332,1.12207],[103.88317,1.1222],[103.88311,1.12232],[103.8829,1.12245],[103.88264,1.12266],[103.88249,1.12285],[103.88234,1.123],[103.88215,1.12303],[103.88189,1.12303],[103.88156,1.12296],[103.88123,1.12288],[103.88087,1.12294],[103.87966,1.1235],[103.87894,1.12391],[103.87871,1.1241],[103.87859,1.12445],[103.87843,1.12479],[103.87839,1.12502],[103.87861,1.12519],[103.87883,1.12538],[103.87911,1.1256],[103.87944,1.12577],[103.87984,1.12593],[103.88013,1.12607],[103.88037,1.12623],[103.88055,1.12637],[103.88072,1.12652],[103.8809,1.1266],[103.88107,1.12664],[103.8814,1.12663],[103.88176,1.1267],[103.8821,1.12673],[103.88231,1.12666],[103.88246,1.12668],[103.88265,1.12674],[103.88299,1.12683],[103.88347,1.12683],[103.88375,1.12676],[103.88426,1.12678],[103.88457,1.1268],[103.88499,1.12679],[103.88515,1.1267],[103.88529,1.12652],[103.88531,1.12636],[103.88523,1.12622],[103.88516,1.12607],[103.88523,1.12591]]],[[[103.89051,1.12763],[103.89026,1.12748],[103.89006,1.12737],[103.88972,1.12722],[103.88962,1.12718],[103.88947,1.12696],[103.88937,1.12666],[103.88939,1.12638],[103.88941,1.12615],[103.88946,1.12595],[103.88999,1.12574],[103.8901,1.12566],[103.89019,1.12554],[103.89021,1.12539],[103.89022,1.12514],[103.89018,1.12499],[103.89007,1.12479],[103.88982,1.12454],[103.88943,1.12398],[103.88926,1.12365],[103.88936,1.12314],[103.88945,1.12283],[103.8896,1.1226],[103.8898,1.1223],[103.89004,1.12206],[103.89021,1.12195],[103.89051,1.1218],[103.89081,1.1218],[103.89097,1.12185],[103.89126,1.1221],[103.89175,1.12254],[103.89236,1.12315],[103.89259,1.12346],[103.89304,1.12408],[103.89357,1.12516],[103.89376,1.12561],[103.89403,1.12688],[103.89401,1.12729],[103.89381,1.1278],[103.89356,1.12835],[103.89341,1.12891],[103.89334,1.12949],[103.89346,1.12985],[103.89354,1.13009],[103.89346,1.1303],[103.89331,1.13051],[103.89311,1.13058],[103.89292,1.13056],[103.89271,1.13041],[103.89227,1.13006],[103.89179,1.1297],[103.89148,1.12929],[103.89121,1.12878],[103.89098,1.12841],[103.8908,1.12803],[103.89062,1.12777],[103.89051,1.12763]]],[[[103.89784,1.15833],[103.89808,1.15788],[103.8982,1.15733],[103.89834,1.157],[103.89884,1.15661],[103.89903,1.15661],[103.90014,1.15594],[103.90049,1.15594],[103.90097,1.15579],[103.90128,1.15559],[103.90146,1.15546],[103.90195,1.1555],[103.90217,1.15539],[103.90286,1.15538],[103.90389,1.15537],[103.90472,1.15537],[103.90521,1.15621],[103.90494,1.15686],[103.90441,1.15723],[103.90395,1.15768],[103.90231,1.16004],[103.90166,1.16078],[103.90047,1.16181],[103.9005,1.16204],[103.8991,1.16444],[103.89839,1.16534],[103.89807,1.16563],[103.89765,1.16544],[103.89728,1.16549],[103.89693,1.1657],[103.89675,1.16585],[103.89644,1.16639],[103.89617,1.16643],[103.89572,1.16647],[103.89521,1.16622],[103.89514,1.16607],[103.89513,1.1658],[103.89511,1.16551],[103.89518,1.16522],[103.8953,1.16506],[103.89575,1.16397],[103.89577,1.16318],[103.89648,1.16145],[103.89707,1.15996],[103.89749,1.15876],[103.89763,1.15864],[103.89773,1.15847],[103.89784,1.15833]]],[[[103.87663,1.155],[103.87709,1.15495],[103.87885,1.15522],[103.87919,1.15538],[103.88046,1.1566],[103.88216,1.15824],[103.88256,1.15919],[103.88258,1.16011],[103.88238,1.16099],[103.88182,1.16146],[103.88099,1.16175],[103.88023,1.1625],[103.87986,1.16326],[103.87937,1.16367],[103.8788,1.16365],[103.87831,1.16339],[103.87806,1.16276],[103.87809,1.16146],[103.8779,1.16098],[103.87747,1.16057],[103.87528,1.15914],[103.87514,1.15893],[103.87517,1.15872],[103.87531,1.1584],[103.87537,1.15811],[103.8753,1.15789],[103.87512,1.15754],[103.87512,1.15733],[103.87522,1.1571],[103.87573,1.15621],[103.87621,1.15544],[103.87637,1.15519],[103.87656,1.15509],[103.87663,1.155]]],[[[103.87515,1.14858],[103.87578,1.14789],[103.8764,1.14708],[103.87642,1.14688],[103.87633,1.14665],[103.87598,1.14652],[103.87559,1.14651],[103.87532,1.14639],[103.87503,1.14618],[103.87473,1.14549],[103.87433,1.14487],[103.87393,1.14447],[103.87365,1.14437],[103.87327,1.1444],[103.87281,1.14456],[103.87239,1.14471],[103.87178,1.1449],[103.87168,1.14504],[103.87105,1.14611],[103.87081,1.14634],[103.87045,1.14668],[103.86997,1.14708],[103.86996,1.14737],[103.87007,1.14768],[103.8698,1.14862],[103.86964,1.14929],[103.86975,1.15018],[103.86978,1.15057],[103.86963,1.15103],[103.86924,1.15202],[103.86919,1.15269],[103.8693,1.15318],[103.86953,1.15335],[103.86982,1.15347],[103.87018,1.15362],[103.87062,1.15379],[103.87074,1.15392],[103.8708,1.15414],[103.87087,1.15464],[103.87114,1.15485],[103.87178,1.15503],[103.87242,1.15518],[103.87283,1.15531],[103.87303,1.15538],[103.87344,1.15537],[103.8738,1.15519],[103.87409,1.15491],[103.87412,1.1542],[103.87408,1.1535],[103.87426,1.15296],[103.87463,1.15235],[103.87481,1.1516],[103.87478,1.15087],[103.87493,1.14993],[103.87504,1.14915],[103.87506,1.14873],[103.87515,1.14858]]],[[[103.87683,1.14643],[103.87686,1.14669],[103.87628,1.1481],[103.87612,1.14829],[103.87617,1.14897],[103.87572,1.14953],[103.87585,1.14982],[103.87631,1.15001],[103.87682,1.14979],[103.87667,1.14956],[103.87683,1.14946],[103.87765,1.14972],[103.87853,1.1499],[103.87902,1.14968],[103.87946,1.14968],[103.87987,1.14937],[103.88062,1.14936],[103.88094,1.14949],[103.88108,1.15001],[103.8811,1.15052],[103.88135,1.15098],[103.88185,1.15085],[103.88216,1.15024],[103.88267,1.14982],[103.88338,1.14959],[103.88383,1.14972],[103.88454,1.15035],[103.88489,1.15064],[103.88407,1.15143],[103.88413,1.15177],[103.88487,1.15286],[103.88486,1.15336],[103.88473,1.15339],[103.88471,1.15374],[103.88454,1.15381],[103.88458,1.15426],[103.88496,1.15418],[103.88538,1.155],[103.88597,1.15602],[103.88632,1.15703],[103.88668,1.15833],[103.8872,1.15872],[103.88735,1.15853],[103.88754,1.15795],[103.88845,1.1574],[103.88923,1.15666],[103.89151,1.15546],[103.89248,1.15498],[103.89264,1.1547],[103.89257,1.15456],[103.8937,1.15363],[103.89425,1.15325],[103.89485,1.15157],[103.89524,1.15057],[103.89361,1.14944],[103.89348,1.14886],[103.89331,1.14768],[103.89271,1.14772],[103.8925,1.14754],[103.89232,1.14752],[103.89215,1.14793],[103.89119,1.14751],[103.89119,1.14732],[103.89199,1.14743],[103.89209,1.14729],[103.892,1.14659],[103.89209,1.14632],[103.89131,1.14568],[103.89092,1.14527],[103.89067,1.14507],[103.8906,1.14462],[103.89074,1.14433],[103.8911,1.14407],[103.89077,1.14381],[103.89026,1.14355],[103.88986,1.1435],[103.8892,1.14323],[103.88867,1.14311],[103.88846,1.14327],[103.88812,1.14333],[103.88785,1.14326],[103.88783,1.14308],[103.88765,1.14301],[103.88678,1.14331],[103.88648,1.1431],[103.886,1.14297],[103.88566,1.14282],[103.88511,1.14295],[103.88476,1.14279],[103.88429,1.14272],[103.88382,1.14262],[103.88301,1.14276],[103.88236,1.14321],[103.88178,1.14395],[103.88149,1.14388],[103.88121,1.14346],[103.88088,1.14268],[103.88043,1.14202],[103.87964,1.14137],[103.87925,1.14098],[103.87889,1.14086],[103.87867,1.14098],[103.87841,1.14114],[103.87822,1.14088],[103.87762,1.14124],[103.87738,1.14162],[103.8767,1.14231],[103.87592,1.14288],[103.87544,1.14317],[103.87481,1.1434],[103.87454,1.14356],[103.87449,1.1439],[103.87463,1.14429],[103.87485,1.14481],[103.87524,1.14566],[103.876,1.14618],[103.87664,1.14636],[103.87683,1.14643]]],[[[103.86214,1.09696],[103.86144,1.09643],[103.86116,1.09643],[103.86095,1.09664],[103.86069,1.0966],[103.86043,1.09651],[103.86034,1.09637],[103.86005,1.09624],[103.85972,1.09606],[103.85948,1.09609],[103.85916,1.09596],[103.85904,1.09601],[103.8589,1.09617],[103.85882,1.09627],[103.8587,1.09638],[103.85878,1.09662],[103.85892,1.0968],[103.85908,1.09697],[103.85928,1.09702],[103.85945,1.09702],[103.85949,1.09695],[103.85966,1.09694],[103.85978,1.09698],[103.86014,1.09722],[103.86023,1.09752],[103.86038,1.09757],[103.8606,1.09759],[103.86074,1.0976],[103.86091,1.09783],[103.86073,1.0983],[103.86044,1.09858],[103.8605,1.09895],[103.86072,1.09913],[103.86092,1.09919],[103.86115,1.09919],[103.86125,1.09922],[103.86134,1.09925],[103.86144,1.09941],[103.8619,1.09968],[103.86216,1.10029],[103.86201,1.10064],[103.86213,1.10088],[103.86245,1.101],[103.86266,1.10098],[103.86286,1.10121],[103.86307,1.10127],[103.86343,1.10113],[103.86356,1.10117],[103.86393,1.10101],[103.86414,1.10083],[103.86422,1.10059],[103.86435,1.10056],[103.86455,1.10066],[103.86449,1.10088],[103.8647,1.10116],[103.86465,1.10157],[103.8648,1.10154],[103.86502,1.10185],[103.86532,1.10191],[103.86545,1.10205],[103.86565,1.10212],[103.86574,1.10209],[103.86589,1.10193],[103.86632,1.10165],[103.86661,1.10161],[103.86692,1.10112],[103.86705,1.10099],[103.86717,1.10109],[103.86723,1.10131],[103.86774,1.10147],[103.8682,1.10138],[103.8683,1.10124],[103.86847,1.10103],[103.86855,1.10093],[103.86867,1.1007],[103.86852,1.10009],[103.86834,1.09978],[103.86813,1.09968],[103.86784,1.09966],[103.86765,1.09957],[103.86764,1.09943],[103.86783,1.09918],[103.86785,1.09897],[103.86761,1.09863],[103.86724,1.09829],[103.86633,1.09803],[103.86546,1.09819],[103.8649,1.09817],[103.86455,1.09798],[103.86432,1.09771],[103.8634,1.09727],[103.86284,1.09708],[103.86219,1.09696],[103.86214,1.09696]]],[[[103.86517,1.09038],[103.8655,1.0905],[103.86583,1.09071],[103.8661,1.09076],[103.86626,1.0907],[103.8663,1.09059],[103.86614,1.0905],[103.86575,1.09037],[103.86574,1.09022],[103.86595,1.08995],[103.8661,1.08982],[103.86609,1.08961],[103.86592,1.08956],[103.8658,1.08951],[103.86554,1.08884],[103.8654,1.08823],[103.86544,1.08796],[103.86554,1.08783],[103.86594,1.08768],[103.8664,1.08752],[103.86709,1.08753],[103.86764,1.08765],[103.86784,1.0878],[103.86801,1.08808],[103.86816,1.08862],[103.86838,1.08895],[103.86853,1.08897],[103.86874,1.0889],[103.86884,1.0887],[103.86891,1.08829],[103.86902,1.08812],[103.86934,1.08807],[103.86985,1.08804],[103.87002,1.08799],[103.87012,1.08807],[103.87004,1.08829],[103.87002,1.08846],[103.87015,1.08857],[103.87034,1.08869],[103.87053,1.08879],[103.8706,1.08891],[103.87054,1.08916],[103.87055,1.08932],[103.87065,1.08965],[103.87076,1.08982],[103.87086,1.0899],[103.87102,1.08989],[103.87121,1.08979],[103.87142,1.0897],[103.87152,1.08977],[103.87168,1.08992],[103.87184,1.09012],[103.87221,1.09033],[103.87245,1.09044],[103.87302,1.09083],[103.87376,1.09137],[103.87379,1.09159],[103.87368,1.0917],[103.87361,1.0918],[103.87344,1.09184],[103.87325,1.09181],[103.87297,1.09174],[103.87271,1.09177],[103.87243,1.09181],[103.87224,1.09186],[103.872,1.09188],[103.87171,1.09192],[103.87146,1.09192],[103.87063,1.09228],[103.87052,1.0924],[103.8705,1.09255],[103.87054,1.09276],[103.87065,1.09299],[103.87076,1.09318],[103.8708,1.09359],[103.87066,1.09413],[103.87043,1.09433],[103.87026,1.09441],[103.87002,1.09446],[103.86978,1.09449],[103.86963,1.09453],[103.86953,1.09468],[103.86947,1.09516],[103.86918,1.09582],[103.86885,1.09697],[103.86883,1.09731],[103.8689,1.0976],[103.86898,1.09781],[103.86905,1.09811],[103.86893,1.09827],[103.86875,1.09841],[103.86861,1.09848],[103.86851,1.09849],[103.86838,1.0986],[103.86823,1.09864],[103.86812,1.09851],[103.86809,1.09829],[103.86801,1.09807],[103.86773,1.09789],[103.86741,1.09767],[103.86658,1.09744],[103.86621,1.09742],[103.86577,1.09738],[103.86553,1.09725],[103.86532,1.09707],[103.86502,1.09676],[103.86464,1.09646],[103.86364,1.0959],[103.86312,1.09554],[103.86266,1.09515],[103.86257,1.09488],[103.86265,1.0946],[103.86288,1.09414],[103.86303,1.09362],[103.86311,1.09323],[103.8633,1.09296],[103.86438,1.09146],[103.86461,1.0911],[103.86484,1.09072],[103.86501,1.09053],[103.86517,1.09038]]],[[[103.86942,1.06689],[103.86959,1.06705],[103.87019,1.06721],[103.87045,1.06703],[103.87049,1.06686],[103.87036,1.06681],[103.87021,1.06691],[103.87015,1.06677],[103.87018,1.06658],[103.87034,1.0662],[103.87045,1.06595],[103.87054,1.06551],[103.87065,1.06536],[103.8705,1.0651],[103.87054,1.065],[103.87051,1.06481],[103.8704,1.06469],[103.87009,1.06457],[103.87003,1.06432],[103.86979,1.06407],[103.86973,1.06391],[103.86965,1.06397],[103.86966,1.06412],[103.86906,1.06502],[103.86869,1.06544],[103.86855,1.06554],[103.86844,1.06556],[103.86813,1.06554],[103.86801,1.06565],[103.86776,1.06576],[103.86721,1.06605],[103.86692,1.06635],[103.86693,1.06656],[103.8669,1.06662],[103.86676,1.06661],[103.86663,1.0664],[103.86647,1.0663],[103.86626,1.06626],[103.86616,1.06607],[103.8661,1.066],[103.86565,1.06597],[103.86538,1.06603],[103.86504,1.06619],[103.86473,1.06633],[103.86452,1.0666],[103.86422,1.06689],[103.86418,1.06701],[103.86407,1.06709],[103.86349,1.06695],[103.86316,1.06706],[103.86293,1.06706],[103.86235,1.06686],[103.86218,1.06685],[103.86197,1.06701],[103.86157,1.06765],[103.86157,1.06797],[103.86105,1.06823],[103.86077,1.06868],[103.86038,1.0689],[103.86031,1.06908],[103.86006,1.06918],[103.85991,1.06931],[103.85943,1.07001],[103.85942,1.07006],[103.85946,1.07016],[103.85938,1.07037],[103.85945,1.07087],[103.85927,1.072],[103.85911,1.07231],[103.85898,1.07277],[103.85872,1.07326],[103.85861,1.07338],[103.85844,1.0734],[103.8584,1.07346],[103.85848,1.07378],[103.85836,1.07401],[103.85838,1.0741],[103.85842,1.07427],[103.85861,1.07452],[103.85868,1.07463],[103.85874,1.07531],[103.8586,1.07577],[103.85833,1.07605],[103.85835,1.0763],[103.8583,1.07644],[103.85824,1.07649],[103.85793,1.07663],[103.85763,1.07682],[103.85748,1.07709],[103.85746,1.07731],[103.85733,1.07745],[103.85717,1.07747],[103.85712,1.07752],[103.85719,1.07769],[103.857,1.0779],[103.85678,1.07799],[103.85648,1.07801],[103.85618,1.07823],[103.85613,1.07833],[103.85618,1.07846],[103.85587,1.0788],[103.85571,1.07924],[103.85575,1.07934],[103.85647,1.07954],[103.85637,1.07964],[103.85654,1.0797],[103.85658,1.07975],[103.85645,1.0799],[103.85658,1.07998],[103.85677,1.08002],[103.85677,1.08017],[103.85695,1.08027],[103.85706,1.08115],[103.85701,1.08168],[103.85709,1.08184],[103.85729,1.08198],[103.85724,1.08204],[103.85714,1.08205],[103.85693,1.08221],[103.85696,1.08228],[103.85754,1.08222],[103.85759,1.08232],[103.85756,1.08238],[103.85736,1.08235],[103.85726,1.08245],[103.85727,1.08249],[103.85743,1.08251],[103.85757,1.0826],[103.85763,1.08275],[103.8576,1.08287],[103.85767,1.08294],[103.85781,1.08294],[103.85805,1.08292],[103.85873,1.08282],[103.85903,1.08291],[103.8594,1.0827],[103.8599,1.08278],[103.86021,1.08263],[103.86042,1.08248],[103.86089,1.08216],[103.86109,1.08212],[103.86139,1.08206],[103.86151,1.08196],[103.86151,1.08183],[103.8614,1.08171],[103.8614,1.08157],[103.86155,1.08146],[103.86181,1.08139],[103.86188,1.08131],[103.86188,1.08118],[103.86182,1.08108],[103.86195,1.08074],[103.86215,1.08031],[103.86228,1.0802],[103.86253,1.08017],[103.86254,1.08013],[103.86248,1.08008],[103.86245,1.08003],[103.86245,1.07996],[103.86249,1.07987],[103.86252,1.07982],[103.86266,1.07978],[103.86267,1.07974],[103.86255,1.07967],[103.86247,1.07942],[103.86243,1.0793],[103.86245,1.0792],[103.86254,1.07914],[103.86263,1.07917],[103.86271,1.07924],[103.86276,1.0793],[103.86293,1.07942],[103.86328,1.0795],[103.86347,1.07952],[103.86362,1.0795],[103.86365,1.07944],[103.86354,1.07923],[103.86359,1.07912],[103.86368,1.07906],[103.86385,1.07898],[103.86396,1.07897],[103.86413,1.07902],[103.86418,1.07902],[103.86436,1.07893],[103.86468,1.0782],[103.86499,1.07794],[103.86505,1.07782],[103.86497,1.07763],[103.86501,1.07727],[103.86486,1.07717],[103.8648,1.07712],[103.86481,1.07705],[103.86557,1.07684],[103.8656,1.07681],[103.86551,1.0767],[103.86552,1.07663],[103.86572,1.07641],[103.86585,1.07621],[103.86582,1.07611],[103.86569,1.07606],[103.86556,1.07581],[103.86549,1.07556],[103.8655,1.07537],[103.8655,1.07506],[103.86557,1.07497],[103.86584,1.07488],[103.86614,1.07496],[103.86646,1.07476],[103.86653,1.07461],[103.8664,1.07446],[103.86632,1.07398],[103.86652,1.07364],[103.86671,1.0735],[103.86719,1.07347],[103.86757,1.07343],[103.86782,1.0733],[103.86797,1.07301],[103.86814,1.07275],[103.86859,1.07242],[103.86858,1.07229],[103.8685,1.07207],[103.86837,1.07199],[103.86815,1.07192],[103.86819,1.07181],[103.86803,1.07164],[103.86825,1.07148],[103.86821,1.07139],[103.86805,1.07137],[103.86794,1.07128],[103.86795,1.07091],[103.86818,1.07075],[103.8688,1.07067],[103.86891,1.0706],[103.86887,1.07036],[103.86874,1.07012],[103.86878,1.07],[103.86893,1.06988],[103.86891,1.06941],[103.86894,1.06929],[103.86906,1.06921],[103.86942,1.06914],[103.86957,1.06908],[103.86968,1.06881],[103.86971,1.06853],[103.86945,1.06839],[103.8691,1.06734],[103.86936,1.06698],[103.86942,1.06689]]],[[[103.82023,1.04652],[103.82016,1.04672],[103.82013,1.04684],[103.81982,1.04701],[103.81962,1.04704],[103.81945,1.04707],[103.81905,1.04728],[103.81874,1.04765],[103.81863,1.04781],[103.81861,1.04793],[103.81859,1.04814],[103.81854,1.04833],[103.81844,1.04872],[103.81842,1.04886],[103.81846,1.04911],[103.81852,1.04928],[103.81863,1.0493],[103.81875,1.04932],[103.81884,1.04939],[103.81895,1.04944],[103.81905,1.04947],[103.81918,1.04952],[103.81932,1.04952],[103.81938,1.04955],[103.81945,1.0496],[103.81952,1.04966],[103.81958,1.04967],[103.81965,1.04965],[103.81977,1.04959],[103.81984,1.04951],[103.81992,1.04948],[103.82003,1.04948],[103.82009,1.04952],[103.82014,1.04965],[103.82019,1.04978],[103.82023,1.04988],[103.82043,1.04998],[103.82059,1.05002],[103.82066,1.05008],[103.82071,1.05014],[103.82075,1.05018],[103.82084,1.05018],[103.82092,1.05017],[103.82097,1.05017],[103.82104,1.05018],[103.8211,1.05024],[103.82117,1.05027],[103.82131,1.05028],[103.82137,1.05026],[103.82156,1.05022],[103.82173,1.05022],[103.82184,1.05028],[103.82197,1.05038],[103.82214,1.05048],[103.82229,1.05055],[103.82244,1.05055],[103.82256,1.05055],[103.82275,1.05058],[103.82285,1.05055],[103.82309,1.05043],[103.82316,1.05043],[103.82328,1.0505],[103.82342,1.05065],[103.82356,1.05075],[103.82367,1.05082],[103.8239,1.05089],[103.82405,1.051],[103.82416,1.05109],[103.82429,1.05111],[103.82446,1.05115],[103.82481,1.05115],[103.82488,1.05119],[103.82489,1.05128],[103.82485,1.05138],[103.82477,1.05146],[103.82466,1.05152],[103.8245,1.05159],[103.82439,1.05166],[103.82427,1.05182],[103.82427,1.05194],[103.82441,1.05213],[103.82457,1.0523],[103.82484,1.05261],[103.82506,1.05302],[103.82519,1.05325],[103.82531,1.05335],[103.82542,1.05339],[103.82554,1.05339],[103.82561,1.0533],[103.8257,1.05321],[103.82579,1.05313],[103.82588,1.05309],[103.82593,1.05306],[103.82599,1.05304],[103.82628,1.05303],[103.82647,1.05299],[103.82661,1.05289],[103.82666,1.05273],[103.82673,1.05258],[103.82682,1.0525],[103.82684,1.05245],[103.827,1.05236],[103.82723,1.05233],[103.82737,1.05233],[103.82746,1.05238],[103.82748,1.0525],[103.82747,1.05261],[103.82741,1.05274],[103.82736,1.05287],[103.82735,1.05299],[103.82739,1.0533],[103.82739,1.05353],[103.8274,1.05368],[103.82747,1.05381],[103.82761,1.05395],[103.82775,1.05406],[103.8278,1.05417],[103.82786,1.05422],[103.82794,1.0542],[103.82802,1.05415],[103.82814,1.05407],[103.82828,1.05405],[103.82837,1.05409],[103.82861,1.05418],[103.8288,1.05418],[103.82896,1.05411],[103.82915,1.054],[103.82964,1.05366],[103.83033,1.05322],[103.83078,1.05303],[103.83094,1.05292],[103.83104,1.0528],[103.83108,1.05271],[103.8311,1.05256],[103.83114,1.05246],[103.8312,1.05243],[103.83134,1.05243],[103.83144,1.05243],[103.83155,1.05229],[103.83164,1.05216],[103.83174,1.05205],[103.8318,1.05199],[103.83177,1.0519],[103.83166,1.0518],[103.83156,1.0516],[103.83156,1.0515],[103.83153,1.05144],[103.83147,1.05139],[103.83141,1.05133],[103.83137,1.05128],[103.83138,1.0512],[103.83137,1.05106],[103.83134,1.05098],[103.83133,1.05094],[103.83137,1.05092],[103.83146,1.0509],[103.83153,1.05084],[103.83158,1.05076],[103.83159,1.05064],[103.83158,1.05047],[103.83156,1.05025],[103.83144,1.04997],[103.83123,1.04972],[103.8311,1.04962],[103.83093,1.04959],[103.83066,1.04958],[103.83055,1.04958],[103.83051,1.04955],[103.8305,1.04951],[103.83054,1.04943],[103.83068,1.04925],[103.83092,1.04908],[103.83122,1.04876],[103.83125,1.04864],[103.83131,1.04856],[103.83138,1.0485],[103.83142,1.04844],[103.83155,1.04806],[103.83161,1.04792],[103.83169,1.04785],[103.8318,1.04781],[103.83195,1.04782],[103.83207,1.04782],[103.83214,1.04779],[103.83218,1.04771],[103.83217,1.04765],[103.83199,1.04738],[103.83193,1.04732],[103.83177,1.0473],[103.83171,1.04726],[103.83155,1.04721],[103.83139,1.04716],[103.83127,1.04703],[103.8312,1.04688],[103.83112,1.04677],[103.83098,1.04668],[103.83084,1.04662],[103.83077,1.04656],[103.83076,1.04644],[103.83085,1.04633],[103.831,1.04619],[103.83107,1.04608],[103.83108,1.04591],[103.83108,1.04571],[103.83111,1.0455],[103.83126,1.04517],[103.83141,1.04501],[103.83145,1.04489],[103.83147,1.04481],[103.83137,1.04475],[103.83122,1.04472],[103.83108,1.04466],[103.83097,1.04455],[103.83087,1.04442],[103.83076,1.04435],[103.83067,1.04432],[103.83054,1.04434],[103.83045,1.04436],[103.83034,1.04436],[103.83009,1.0443],[103.82996,1.04427],[103.82977,1.0442],[103.82956,1.04409],[103.82949,1.04404],[103.82934,1.04402],[103.82913,1.04399],[103.82879,1.04389],[103.82861,1.0439],[103.82837,1.04398],[103.82806,1.0441],[103.828,1.04421],[103.82798,1.04431],[103.82806,1.04437],[103.82815,1.04443],[103.82818,1.0445],[103.82815,1.0446],[103.82807,1.04509],[103.82795,1.04532],[103.82782,1.04548],[103.8277,1.04553],[103.82752,1.04557],[103.82737,1.04557],[103.82709,1.04555],[103.82679,1.04554],[103.82658,1.04541],[103.82649,1.04526],[103.82636,1.04517],[103.82626,1.04507],[103.82614,1.04486],[103.82595,1.04471],[103.82547,1.04443],[103.8252,1.04431],[103.82503,1.04427],[103.82485,1.04431],[103.82466,1.04431],[103.82446,1.04425],[103.82426,1.04403],[103.82421,1.04391],[103.82413,1.04388],[103.82402,1.04388],[103.82388,1.04393],[103.82366,1.04409],[103.82321,1.04437],[103.82297,1.04457],[103.82256,1.04488],[103.82243,1.04505],[103.8222,1.04542],[103.82189,1.04599],[103.82178,1.0461],[103.82162,1.04612],[103.82147,1.04614],[103.82136,1.04612],[103.82122,1.04609],[103.82112,1.04609],[103.82095,1.04612],[103.82076,1.0462],[103.82048,1.04634],[103.8203,1.04646],[103.82023,1.04652]]],[[[103.82222,1.06399],[103.8222,1.06388],[103.82215,1.0636],[103.82209,1.06288],[103.82212,1.0626],[103.82257,1.06233],[103.8228,1.06206],[103.82289,1.06169],[103.8231,1.06143],[103.82355,1.06125],[103.82412,1.06116],[103.82454,1.06092],[103.82482,1.06043],[103.82501,1.05983],[103.82491,1.05932],[103.82469,1.05923],[103.82446,1.05921],[103.82428,1.05937],[103.82403,1.05954],[103.82337,1.05968],[103.8229,1.05968],[103.82262,1.05938],[103.82234,1.05912],[103.82198,1.05896],[103.82167,1.05887],[103.8212,1.05887],[103.82081,1.05865],[103.82049,1.05805],[103.82028,1.05753],[103.81998,1.05706],[103.81965,1.05637],[103.81949,1.05622],[103.81912,1.05623],[103.81888,1.05634],[103.81857,1.05647],[103.81821,1.05652],[103.81776,1.05666],[103.81753,1.0568],[103.81718,1.05711],[103.81689,1.05758],[103.81674,1.05781],[103.81673,1.05811],[103.81684,1.05837],[103.8171,1.05874],[103.81736,1.05898],[103.81751,1.05923],[103.81763,1.05952],[103.81767,1.05985],[103.81757,1.06006],[103.81736,1.06017],[103.81716,1.06017],[103.81706,1.06012],[103.81664,1.06013],[103.81641,1.06013],[103.81621,1.06021],[103.81604,1.06038],[103.81592,1.06055],[103.81594,1.06107],[103.81605,1.06128],[103.81604,1.06156],[103.81592,1.06181],[103.81572,1.06217],[103.81545,1.0624],[103.81513,1.0627],[103.81482,1.06278],[103.81455,1.06273],[103.81438,1.06265],[103.81429,1.06248],[103.81413,1.06233],[103.81397,1.06219],[103.81381,1.06212],[103.81365,1.06207],[103.81347,1.06214],[103.81341,1.06245],[103.81317,1.06279],[103.81305,1.06283],[103.81266,1.06311],[103.8126,1.0633],[103.81262,1.0635],[103.8127,1.06355],[103.8129,1.06364],[103.81325,1.06383],[103.81363,1.06404],[103.81386,1.06413],[103.81431,1.06453],[103.81465,1.06474],[103.81508,1.065],[103.81569,1.06528],[103.81592,1.0655],[103.81607,1.0657],[103.81629,1.06623],[103.81656,1.0667],[103.8167,1.06693],[103.81684,1.06705],[103.81689,1.06716],[103.81685,1.06727],[103.81681,1.06739],[103.81683,1.06758],[103.81699,1.06772],[103.8173,1.06775],[103.81753,1.0677],[103.81772,1.06765],[103.81812,1.06759],[103.81824,1.06748],[103.81831,1.06734],[103.81831,1.06714],[103.81834,1.06702],[103.81838,1.06693],[103.81842,1.06688],[103.81854,1.06682],[103.81888,1.06672],[103.81899,1.0666],[103.81906,1.06651],[103.81915,1.06647],[103.81952,1.0664],[103.8197,1.06631],[103.81979,1.06624],[103.82026,1.06581],[103.82056,1.06555],[103.82086,1.06525],[103.82105,1.06499],[103.82124,1.06475],[103.82132,1.06461],[103.82137,1.06448],[103.82162,1.06429],[103.82181,1.06416],[103.82215,1.06404],[103.82222,1.06399]]],[[[103.82683,1.07166],[103.82706,1.07118],[103.82718,1.0708],[103.82725,1.07019],[103.82721,1.06957],[103.82702,1.06845],[103.82709,1.06794],[103.82693,1.0677],[103.82671,1.06745],[103.82643,1.06721],[103.82618,1.06699],[103.82589,1.06687],[103.8256,1.06691],[103.82542,1.06697],[103.82523,1.06728],[103.82514,1.06751],[103.825,1.06758],[103.82483,1.06754],[103.82458,1.06727],[103.82434,1.06699],[103.82385,1.06641],[103.8237,1.06641],[103.82355,1.06657],[103.82339,1.06711],[103.82327,1.06754],[103.82328,1.06798],[103.82322,1.06811],[103.8231,1.06811],[103.82299,1.06808],[103.82288,1.06796],[103.82279,1.06786],[103.82268,1.0678],[103.82261,1.06795],[103.82264,1.06812],[103.82268,1.06845],[103.82264,1.06864],[103.82248,1.06868],[103.82238,1.06862],[103.8223,1.06856],[103.82227,1.06844],[103.8223,1.0683],[103.82231,1.06817],[103.82236,1.06808],[103.82241,1.06742],[103.82227,1.06729],[103.82215,1.06726],[103.82201,1.06737],[103.82183,1.06755],[103.8215,1.06808],[103.82123,1.06854],[103.82041,1.06922],[103.81999,1.06948],[103.81965,1.0695],[103.81948,1.06954],[103.81864,1.07024],[103.81822,1.07052],[103.81793,1.07067],[103.81779,1.0709],[103.81781,1.07129],[103.81778,1.07208],[103.81781,1.07266],[103.81792,1.0729],[103.81816,1.07308],[103.81829,1.07317],[103.8185,1.07335],[103.81863,1.07356],[103.81876,1.07371],[103.81921,1.074],[103.81942,1.07414],[103.82006,1.07432],[103.82027,1.07452],[103.82031,1.07476],[103.82026,1.07497],[103.8201,1.07517],[103.82001,1.07544],[103.82004,1.07623],[103.82018,1.0765],[103.82033,1.0767],[103.82062,1.07674],[103.82099,1.07675],[103.82124,1.07682],[103.82146,1.07698],[103.82168,1.0769],[103.82186,1.07687],[103.82218,1.07686],[103.82261,1.07698],[103.82296,1.07705],[103.82323,1.07706],[103.82335,1.07694],[103.82342,1.07681],[103.82347,1.07642],[103.82347,1.07605],[103.82355,1.07595],[103.82368,1.07587],[103.82387,1.07592],[103.82403,1.076],[103.82416,1.07608],[103.82443,1.07607],[103.82458,1.0761],[103.82472,1.07622],[103.82491,1.07633],[103.82498,1.0764],[103.82511,1.07644],[103.82521,1.07643],[103.82531,1.07637],[103.8255,1.07631],[103.82582,1.07623],[103.82622,1.07624],[103.82642,1.07629],[103.82671,1.07637],[103.82686,1.07637],[103.827,1.07633],[103.82719,1.07637],[103.82731,1.07648],[103.82748,1.07668],[103.82764,1.07682],[103.82789,1.07702],[103.8281,1.07721],[103.82826,1.07733],[103.82842,1.07738],[103.82861,1.07731],[103.8287,1.07715],[103.82885,1.07689],[103.82906,1.07671],[103.82912,1.07653],[103.82905,1.07636],[103.82889,1.0761],[103.82885,1.07584],[103.82885,1.07564],[103.82886,1.07522],[103.82886,1.07491],[103.8288,1.07476],[103.82864,1.07469],[103.82857,1.07466],[103.8282,1.07463],[103.82818,1.07456],[103.82821,1.07438],[103.82828,1.07413],[103.82827,1.07403],[103.82824,1.07393],[103.82815,1.07375],[103.8281,1.07364],[103.82798,1.0736],[103.82767,1.0735],[103.82712,1.0733],[103.82678,1.07311],[103.82665,1.07289],[103.82662,1.07249],[103.82665,1.07227],[103.82667,1.07206],[103.82674,1.0719],[103.82678,1.07175],[103.82683,1.07166]]],[[[103.79977,1.08625],[103.79931,1.08696],[103.79916,1.08788],[103.79868,1.08878],[103.79796,1.08966],[103.79738,1.09072],[103.79618,1.0921],[103.79618,1.09255],[103.7959,1.09297],[103.79551,1.09327],[103.79508,1.09355],[103.79384,1.09544],[103.7916,1.09748],[103.79131,1.09819],[103.79137,1.09854],[103.79173,1.09883],[103.79195,1.09911],[103.79202,1.09967],[103.79219,1.10065],[103.79257,1.10152],[103.79247,1.10316],[103.79243,1.10374],[103.79259,1.10435],[103.79249,1.10485],[103.792,1.10678],[103.79171,1.10805],[103.79162,1.10826],[103.79181,1.1088],[103.79247,1.10902],[103.79342,1.10903],[103.79419,1.10865],[103.79549,1.10787],[103.79722,1.10613],[103.79823,1.10532],[103.79915,1.10422],[103.79962,1.10373],[103.80015,1.10348],[103.80069,1.10357],[103.80068,1.10351],[103.80001,1.10309],[103.80003,1.10296],[103.80017,1.1028],[103.80023,1.10283],[103.8003,1.10274],[103.80099,1.10319],[103.80108,1.10308],[103.80081,1.10289],[103.80072,1.10266],[103.80082,1.10248],[103.80108,1.10204],[103.80142,1.10166],[103.80183,1.10131],[103.80222,1.10112],[103.80262,1.10103],[103.80299,1.10106],[103.80366,1.10121],[103.80386,1.10128],[103.80426,1.10126],[103.80442,1.10115],[103.80454,1.1009],[103.80455,1.10061],[103.80441,1.10042],[103.80411,1.10003],[103.80387,1.09965],[103.80365,1.09921],[103.80366,1.09886],[103.80371,1.09858],[103.80382,1.09848],[103.80399,1.09839],[103.80428,1.09837],[103.80454,1.09832],[103.80492,1.09817],[103.80524,1.09779],[103.80552,1.09723],[103.80558,1.09684],[103.80562,1.09636],[103.80574,1.09597],[103.80601,1.09557],[103.80638,1.09521],[103.80677,1.09489],[103.80707,1.09467],[103.80738,1.09455],[103.8077,1.09448],[103.80783,1.09445],[103.8082,1.0945],[103.8086,1.09467],[103.80895,1.09511],[103.80925,1.09535],[103.80967,1.09551],[103.81007,1.09552],[103.81051,1.09555],[103.8111,1.09534],[103.81146,1.09486],[103.81158,1.09428],[103.81147,1.09396],[103.81116,1.09327],[103.8107,1.09245],[103.81057,1.09216],[103.81065,1.09191],[103.81095,1.0918],[103.8114,1.09189],[103.81181,1.09219],[103.81227,1.09246],[103.81275,1.09247],[103.81307,1.09226],[103.8134,1.09183],[103.81364,1.09128],[103.81433,1.0892],[103.81477,1.08802],[103.81482,1.08734],[103.81477,1.08686],[103.81455,1.08654],[103.81427,1.08638],[103.81397,1.08627],[103.81361,1.08623],[103.81308,1.0861],[103.81284,1.0859],[103.8126,1.08559],[103.81239,1.08525],[103.81234,1.08484],[103.81224,1.08444],[103.8121,1.08435],[103.81187,1.08439],[103.81142,1.08458],[103.81083,1.08502],[103.80999,1.08548],[103.80908,1.08571],[103.80888,1.08574],[103.8088,1.08563],[103.80862,1.08571],[103.80864,1.08582],[103.80854,1.0859],[103.80838,1.08596],[103.80818,1.08598],[103.80804,1.08609],[103.80793,1.08622],[103.80781,1.08642],[103.80767,1.08659],[103.80742,1.08674],[103.80693,1.08686],[103.80661,1.08683],[103.80544,1.08657],[103.80467,1.08636],[103.80393,1.08625],[103.80346,1.08615],[103.80275,1.08596],[103.80217,1.0857],[103.80166,1.08558],[103.80132,1.08562],[103.80109,1.08566],[103.80078,1.08572],[103.80045,1.08583],[103.80029,1.08592],[103.80004,1.08601],[103.79988,1.08613],[103.79977,1.08625]]],[[[103.84672,1.03696],[103.84658,1.03708],[103.84649,1.03733],[103.8465,1.03761],[103.84635,1.03785],[103.8464,1.03906],[103.84645,1.03928],[103.84661,1.03938],[103.84666,1.03951],[103.84658,1.03957],[103.84647,1.03957],[103.84634,1.0395],[103.84614,1.03942],[103.84599,1.0394],[103.84584,1.03949],[103.84567,1.03962],[103.84553,1.03965],[103.84539,1.0396],[103.84538,1.03952],[103.84548,1.03943],[103.84553,1.03928],[103.84559,1.03894],[103.84564,1.03851],[103.84558,1.03785],[103.84551,1.03738],[103.84531,1.03698],[103.84517,1.03687],[103.84506,1.03682],[103.84485,1.03682],[103.84467,1.0368],[103.8444,1.03678],[103.84395,1.03686],[103.84378,1.03699],[103.84362,1.03723],[103.84347,1.03724],[103.84326,1.03712],[103.84305,1.03694],[103.84293,1.03676],[103.84268,1.03665],[103.84251,1.0367],[103.84223,1.03688],[103.8421,1.03701],[103.84195,1.03698],[103.84184,1.03688],[103.84182,1.03672],[103.84188,1.03656],[103.84195,1.03646],[103.84206,1.03627],[103.84204,1.03604],[103.84201,1.03591],[103.84199,1.0358],[103.842,1.03572],[103.84208,1.03567],[103.84218,1.03561],[103.84229,1.03553],[103.8424,1.0354],[103.84246,1.03527],[103.84263,1.03505],[103.84283,1.03489],[103.84309,1.03474],[103.84324,1.03465],[103.84341,1.03453],[103.84351,1.03442],[103.84382,1.03424],[103.844,1.03419],[103.8441,1.03413],[103.84425,1.03397],[103.84444,1.03374],[103.84454,1.03342],[103.84461,1.03319],[103.84464,1.03309],[103.84473,1.033],[103.84489,1.0329],[103.84508,1.03284],[103.84525,1.0328],[103.84558,1.03278],[103.84583,1.03274],[103.84595,1.03263],[103.846,1.03255],[103.84606,1.03243],[103.84619,1.03227],[103.84626,1.03215],[103.84627,1.03206],[103.84627,1.03192],[103.84624,1.0317],[103.84622,1.03127],[103.84615,1.0309],[103.84609,1.03056],[103.84608,1.03035],[103.84613,1.02999],[103.84621,1.02926],[103.84625,1.02858],[103.8463,1.02827],[103.84636,1.02801],[103.84643,1.02786],[103.84646,1.02765],[103.84643,1.02746],[103.84632,1.02737],[103.84622,1.02734],[103.84606,1.02735],[103.84589,1.02738],[103.84568,1.02753],[103.84527,1.02791],[103.84477,1.0283],[103.84441,1.0285],[103.84382,1.02875],[103.84352,1.02878],[103.84334,1.02877],[103.84322,1.02874],[103.84306,1.02869],[103.84282,1.0287],[103.84267,1.02872],[103.84248,1.02875],[103.84236,1.02877],[103.84225,1.02878],[103.84209,1.02878],[103.84194,1.02876],[103.84175,1.02875],[103.84155,1.02874],[103.84141,1.02874],[103.84128,1.02874],[103.84116,1.02876],[103.84104,1.02875],[103.84094,1.02871],[103.84087,1.02864],[103.84079,1.02855],[103.84066,1.02845],[103.8401,1.02803],[103.84002,1.028],[103.83987,1.02793],[103.83973,1.02789],[103.8396,1.02786],[103.83943,1.02783],[103.83916,1.02779],[103.83901,1.02778],[103.83876,1.02781],[103.83857,1.02785],[103.83833,1.02791],[103.838,1.0281],[103.8377,1.02828],[103.8374,1.02833],[103.83714,1.02839],[103.83695,1.02844],[103.83676,1.02849],[103.83652,1.02858],[103.8362,1.02871],[103.83595,1.02893],[103.83587,1.02904],[103.83583,1.02918],[103.83585,1.0293],[103.83596,1.02966],[103.83607,1.02996],[103.8362,1.03024],[103.83634,1.03037],[103.83652,1.03052],[103.8367,1.03062],[103.83685,1.03064],[103.83696,1.03062],[103.83707,1.0306],[103.83719,1.03056],[103.83729,1.03056],[103.83745,1.0306],[103.83757,1.03063],[103.83765,1.03069],[103.83771,1.03078],[103.83777,1.03105],[103.8378,1.03117],[103.83776,1.03125],[103.83766,1.03126],[103.83754,1.03126],[103.83735,1.03124],[103.83725,1.03123],[103.83711,1.03124],[103.83699,1.03127],[103.83692,1.03131],[103.83683,1.03137],[103.83678,1.03142],[103.83672,1.0315],[103.83671,1.03163],[103.83675,1.03174],[103.83683,1.03182],[103.83699,1.03193],[103.83726,1.0321],[103.8374,1.03217],[103.83756,1.03223],[103.83771,1.03226],[103.8378,1.03232],[103.83783,1.03244],[103.83788,1.03265],[103.83791,1.03289],[103.8379,1.03296],[103.83788,1.03302],[103.83783,1.03305],[103.83774,1.03308],[103.83768,1.03309],[103.8376,1.03313],[103.83754,1.03324],[103.83734,1.03361],[103.83726,1.03381],[103.83725,1.03404],[103.8373,1.03423],[103.8374,1.03458],[103.83751,1.03473],[103.83763,1.03488],[103.8377,1.03496],[103.83789,1.03513],[103.83798,1.03522],[103.83806,1.03538],[103.83819,1.03575],[103.83822,1.0359],[103.83821,1.03606],[103.83818,1.03645],[103.83813,1.03671],[103.8381,1.03714],[103.83806,1.03731],[103.83786,1.03777],[103.83774,1.03799],[103.83739,1.03832],[103.83712,1.03857],[103.83688,1.03885],[103.83671,1.03916],[103.83658,1.03941],[103.83634,1.0396],[103.83616,1.03978],[103.83607,1.0399],[103.83599,1.03995],[103.83587,1.03998],[103.83576,1.03996],[103.83564,1.03996],[103.83553,1.03996],[103.83545,1.04],[103.83536,1.04007],[103.83531,1.04023],[103.83523,1.04056],[103.83525,1.04081],[103.8354,1.04093],[103.83549,1.04101],[103.83556,1.04109],[103.83558,1.0412],[103.83559,1.0414],[103.83556,1.04158],[103.8355,1.04177],[103.83518,1.042],[103.83502,1.04218],[103.83494,1.04237],[103.83494,1.04262],[103.83499,1.04276],[103.83523,1.04336],[103.83535,1.04378],[103.83545,1.04394],[103.83572,1.04415],[103.83634,1.04453],[103.83689,1.04485],[103.83746,1.04518],[103.83775,1.04549],[103.83795,1.04593],[103.83824,1.04635],[103.83847,1.04663],[103.83884,1.04697],[103.83896,1.04719],[103.839,1.04731],[103.83895,1.0474],[103.83885,1.0475],[103.8387,1.04749],[103.8385,1.04745],[103.83825,1.04732],[103.83801,1.04715],[103.83779,1.04706],[103.8375,1.04696],[103.83715,1.04698],[103.83686,1.04705],[103.83631,1.04738],[103.83596,1.04766],[103.83577,1.04788],[103.83563,1.04807],[103.83547,1.04833],[103.83542,1.04869],[103.8354,1.04904],[103.83546,1.04952],[103.83569,1.0501],[103.83596,1.05086],[103.83626,1.05156],[103.83634,1.05176],[103.83644,1.05232],[103.83646,1.05301],[103.83623,1.05422],[103.83617,1.05474],[103.83606,1.05509],[103.83575,1.05541],[103.83477,1.05582],[103.83452,1.05605],[103.83445,1.0562],[103.83445,1.05652],[103.83457,1.05686],[103.83478,1.05704],[103.83493,1.05711],[103.83506,1.05712],[103.83598,1.0569],[103.83648,1.05678],[103.83664,1.05677],[103.83686,1.05687],[103.83705,1.05696],[103.83717,1.05713],[103.83726,1.0573],[103.83742,1.05757],[103.83761,1.05771],[103.83782,1.0578],[103.83795,1.0579],[103.838,1.05799],[103.838,1.05816],[103.8379,1.05828],[103.83716,1.05865],[103.83698,1.05869],[103.83681,1.05865],[103.83648,1.0584],[103.83634,1.05826],[103.83609,1.05814],[103.83582,1.05812],[103.83556,1.05814],[103.83533,1.05818],[103.83518,1.0583],[103.83483,1.05875],[103.83465,1.05889],[103.83444,1.05915],[103.83428,1.05944],[103.83411,1.05984],[103.83394,1.06042],[103.83384,1.06078],[103.83364,1.06121],[103.83318,1.06234],[103.83289,1.0629],[103.83283,1.06332],[103.83292,1.06356],[103.83308,1.06365],[103.83352,1.06378],[103.83399,1.06394],[103.8347,1.06445],[103.83512,1.06489],[103.83535,1.06534],[103.83561,1.06558],[103.83578,1.06573],[103.83601,1.06582],[103.83625,1.06587],[103.83645,1.06584],[103.83663,1.06577],[103.83697,1.06572],[103.83721,1.06575],[103.83754,1.06584],[103.83779,1.06583],[103.83802,1.06576],[103.83828,1.06572],[103.83896,1.06588],[103.83947,1.06599],[103.83982,1.06613],[103.84003,1.06629],[103.84012,1.06639],[103.84025,1.06671],[103.8405,1.06695],[103.84105,1.06733],[103.84164,1.06761],[103.84196,1.06779],[103.84238,1.06802],[103.84251,1.0681],[103.84287,1.06858],[103.84308,1.06914],[103.84332,1.06953],[103.84363,1.06975],[103.8439,1.06987],[103.84424,1.06996],[103.84444,1.07002],[103.84449,1.07014],[103.84446,1.07029],[103.84436,1.07056],[103.84422,1.07096],[103.84399,1.07146],[103.84368,1.07235],[103.84325,1.07352],[103.84302,1.0743],[103.84295,1.07468],[103.84313,1.07504],[103.84332,1.07516],[103.84348,1.07522],[103.84385,1.07518],[103.8441,1.0751],[103.84438,1.0749],[103.8449,1.07439],[103.84529,1.07418],[103.84584,1.07394],[103.84663,1.07362],[103.84697,1.07338],[103.84737,1.07311],[103.84772,1.0729],[103.84788,1.07272],[103.84809,1.07242],[103.84817,1.07187],[103.84827,1.07121],[103.84841,1.07068],[103.84868,1.06987],[103.84884,1.0697],[103.84899,1.0696],[103.84949,1.06947],[103.8499,1.06949],[103.85028,1.06961],[103.85043,1.06973],[103.8509,1.07025],[103.8515,1.07084],[103.85202,1.07124],[103.85259,1.07181],[103.85301,1.07224],[103.85326,1.07256],[103.85353,1.07311],[103.85358,1.0734],[103.85355,1.07356],[103.85335,1.07394],[103.8533,1.07414],[103.85336,1.07424],[103.85348,1.07431],[103.85358,1.07428],[103.85373,1.07421],[103.85388,1.07413],[103.85433,1.07388],[103.85487,1.07364],[103.85523,1.07347],[103.85536,1.07337],[103.85565,1.07299],[103.85592,1.07256],[103.85629,1.07212],[103.85648,1.07181],[103.8569,1.07111],[103.85745,1.07034],[103.85774,1.06986],[103.85816,1.069],[103.85838,1.06871],[103.85871,1.06841],[103.85901,1.06817],[103.85937,1.06796],[103.86005,1.06748],[103.86047,1.06718],[103.86068,1.06693],[103.86102,1.06645],[103.8614,1.06611],[103.86181,1.06563],[103.86223,1.06535],[103.86273,1.0653],[103.86299,1.06533],[103.86343,1.06549],[103.86365,1.0656],[103.86391,1.06559],[103.8641,1.06553],[103.86453,1.06533],[103.86485,1.06518],[103.86502,1.06505],[103.86515,1.06484],[103.86528,1.06466],[103.86557,1.06437],[103.86571,1.06426],[103.86592,1.06421],[103.86611,1.06428],[103.86631,1.06443],[103.8666,1.06461],[103.86681,1.06468],[103.86696,1.06469],[103.86708,1.06465],[103.86719,1.06455],[103.86728,1.06445],[103.86735,1.06431],[103.86743,1.06406],[103.86746,1.06383],[103.8675,1.06343],[103.86752,1.0632],[103.86761,1.063],[103.86772,1.06282],[103.86787,1.06257],[103.86809,1.06228],[103.86824,1.06211],[103.86856,1.06173],[103.86886,1.06102],[103.86897,1.06078],[103.86909,1.06051],[103.8692,1.06022],[103.86923,1.05959],[103.86919,1.05941],[103.86911,1.05926],[103.86899,1.05918],[103.86876,1.05912],[103.86849,1.05903],[103.86839,1.05888],[103.86832,1.05871],[103.86839,1.05852],[103.86844,1.05843],[103.86856,1.05837],[103.86867,1.05836],[103.86879,1.0584],[103.86891,1.05851],[103.86902,1.05856],[103.86922,1.05864],[103.86942,1.05867],[103.86969,1.05877],[103.86996,1.0589],[103.87029,1.05914],[103.8705,1.05934],[103.87068,1.05967],[103.87072,1.06002],[103.87072,1.0605],[103.87082,1.06077],[103.87103,1.06096],[103.87132,1.06106],[103.8716,1.06112],[103.87184,1.06111],[103.8721,1.06092],[103.87239,1.06054],[103.87274,1.06003],[103.87292,1.05968],[103.87302,1.0593],[103.87308,1.05916],[103.87333,1.05897],[103.87365,1.0588],[103.87395,1.05859],[103.87417,1.05841],[103.87445,1.0583],[103.87476,1.05828],[103.87519,1.05831],[103.87586,1.05836],[103.87618,1.05845],[103.87638,1.05861],[103.87657,1.05895],[103.8768,1.05924],[103.87713,1.0598],[103.87733,1.05994],[103.87759,1.05998],[103.87784,1.05993],[103.87806,1.0598],[103.87827,1.05952],[103.87839,1.05923],[103.87845,1.05884],[103.87847,1.05829],[103.87847,1.05758],[103.87844,1.05714],[103.87846,1.05701],[103.87857,1.05692],[103.87869,1.05691],[103.87883,1.05697],[103.8789,1.05708],[103.87903,1.05739],[103.87933,1.05774],[103.87961,1.05795],[103.87975,1.05804],[103.87989,1.05804],[103.88001,1.05795],[103.88006,1.05785],[103.88019,1.05763],[103.88031,1.05738],[103.88029,1.05711],[103.88033,1.05694],[103.88037,1.05681],[103.8803,1.05619],[103.8802,1.05593],[103.87992,1.05539],[103.87989,1.05515],[103.87989,1.05485],[103.87989,1.05467],[103.8799,1.05456],[103.87994,1.05422],[103.88,1.05408],[103.88009,1.054],[103.8802,1.05396],[103.88031,1.05396],[103.88044,1.05402],[103.88056,1.0541],[103.8807,1.05426],[103.88079,1.0544],[103.88104,1.05448],[103.88124,1.0545],[103.88147,1.05444],[103.88159,1.05437],[103.88187,1.05412],[103.88196,1.05393],[103.88204,1.05368],[103.88204,1.05329],[103.88187,1.05283],[103.88156,1.05246],[103.88125,1.05211],[103.88089,1.05178],[103.88064,1.05155],[103.88054,1.05123],[103.88053,1.05105],[103.88046,1.05089],[103.88007,1.05066],[103.8799,1.05051],[103.87986,1.05017],[103.87983,1.04999],[103.87993,1.0497],[103.88003,1.04924],[103.88004,1.0489],[103.87994,1.04853],[103.87971,1.04832],[103.87953,1.04815],[103.87931,1.04804],[103.87904,1.048],[103.87875,1.04805],[103.87841,1.04812],[103.87787,1.04809],[103.87725,1.04817],[103.87686,1.04826],[103.87663,1.04826],[103.87622,1.04837],[103.87591,1.04846],[103.8755,1.04871],[103.87524,1.04891],[103.875,1.04896],[103.8746,1.0489],[103.87429,1.04879],[103.87407,1.04864],[103.87373,1.04845],[103.8734,1.04853],[103.87315,1.04874],[103.8731,1.04892],[103.8731,1.04916],[103.87296,1.04937],[103.87262,1.0495],[103.87235,1.04971],[103.87199,1.04989],[103.87175,1.05011],[103.87146,1.05029],[103.87124,1.05024],[103.87114,1.0501],[103.87123,1.0499],[103.87133,1.04965],[103.87141,1.04939],[103.8714,1.04864],[103.87139,1.04835],[103.8713,1.04819],[103.87114,1.04806],[103.87092,1.04811],[103.87079,1.04831],[103.87071,1.04857],[103.87055,1.04868],[103.87032,1.0486],[103.87009,1.04847],[103.86984,1.0482],[103.86978,1.04806],[103.86987,1.04791],[103.87007,1.04762],[103.87026,1.04752],[103.87051,1.04741],[103.87065,1.04731],[103.87095,1.04724],[103.87119,1.04728],[103.87147,1.04739],[103.87182,1.04752],[103.87206,1.04752],[103.87238,1.04746],[103.87251,1.04739],[103.87266,1.04723],[103.87281,1.04707],[103.87301,1.04695],[103.87314,1.04673],[103.87311,1.04651],[103.873,1.04631],[103.87298,1.04614],[103.8731,1.04594],[103.87325,1.04569],[103.87343,1.04519],[103.87357,1.04483],[103.87362,1.04467],[103.87392,1.04443],[103.87408,1.04432],[103.87414,1.04408],[103.87416,1.04388],[103.8746,1.04354],[103.87485,1.04329],[103.87501,1.04296],[103.87521,1.04255],[103.87563,1.04215],[103.87589,1.04159],[103.87602,1.04135],[103.87608,1.041],[103.87604,1.04032],[103.87597,1.03949],[103.8758,1.03915],[103.87554,1.03915],[103.87532,1.03902],[103.87509,1.03896],[103.87473,1.03897],[103.87441,1.03905],[103.87406,1.03946],[103.87383,1.03974],[103.87362,1.03995],[103.87318,1.04012],[103.87299,1.04024],[103.87286,1.04047],[103.87271,1.04089],[103.87225,1.04127],[103.87205,1.04129],[103.87194,1.0412],[103.87181,1.04112],[103.87151,1.04105],[103.87128,1.04108],[103.87107,1.04131],[103.87092,1.04154],[103.87058,1.04203],[103.87047,1.04225],[103.87029,1.04234],[103.87014,1.04236],[103.87,1.04232],[103.86992,1.04217],[103.86972,1.04209],[103.86952,1.04205],[103.86941,1.04208],[103.86934,1.04214],[103.86927,1.04222],[103.86918,1.04225],[103.86909,1.04227],[103.86896,1.04225],[103.86878,1.04222],[103.86858,1.04224],[103.86842,1.04235],[103.8683,1.04245],[103.86819,1.04251],[103.8681,1.04252],[103.86803,1.04252],[103.86794,1.04246],[103.86792,1.04238],[103.86795,1.0423],[103.868,1.04222],[103.86812,1.04209],[103.86814,1.04196],[103.86806,1.04174],[103.86805,1.04152],[103.86803,1.04132],[103.86805,1.04113],[103.86813,1.04081],[103.86815,1.04044],[103.86816,1.04015],[103.86814,1.03978],[103.86812,1.03958],[103.86806,1.03945],[103.868,1.0394],[103.8679,1.03939],[103.86779,1.03938],[103.86757,1.03933],[103.86738,1.03932],[103.86723,1.03932],[103.86706,1.03931],[103.86696,1.03925],[103.86684,1.03916],[103.86671,1.03914],[103.86661,1.03918],[103.86645,1.03931],[103.86638,1.03937],[103.86623,1.03941],[103.86607,1.03948],[103.86593,1.03956],[103.86584,1.03968],[103.8657,1.04005],[103.86558,1.04008],[103.86547,1.04004],[103.86541,1.03999],[103.86533,1.03991],[103.86527,1.03983],[103.86527,1.03954],[103.86521,1.03932],[103.86513,1.03921],[103.865,1.03917],[103.86489,1.03913],[103.86479,1.03912],[103.86468,1.03915],[103.86441,1.03929],[103.86431,1.03947],[103.86427,1.03966],[103.86419,1.03995],[103.86403,1.04013],[103.86378,1.04025],[103.86331,1.04042],[103.86227,1.04086],[103.86188,1.04109],[103.86167,1.04129],[103.86146,1.04192],[103.86137,1.04213],[103.86123,1.04224],[103.86106,1.04229],[103.86093,1.04228],[103.8608,1.04219],[103.8606,1.04207],[103.86044,1.04203],[103.86029,1.04196],[103.86003,1.04184],[103.85957,1.04149],[103.85913,1.04115],[103.85892,1.04104],[103.85879,1.04099],[103.85868,1.04096],[103.85824,1.04099],[103.85791,1.04094],[103.85777,1.04087],[103.85764,1.04072],[103.85762,1.04036],[103.85752,1.03996],[103.85744,1.03983],[103.85729,1.03981],[103.85714,1.03985],[103.85696,1.03993],[103.85682,1.04006],[103.85678,1.04012],[103.85668,1.0405],[103.8566,1.0405],[103.85653,1.04038],[103.85646,1.04018],[103.85632,1.03995],[103.85619,1.03973],[103.85594,1.03959],[103.85571,1.03943],[103.85549,1.03932],[103.85536,1.03923],[103.85504,1.03918],[103.85472,1.03919],[103.85445,1.03917],[103.85416,1.03915],[103.85393,1.03915],[103.85371,1.03919],[103.85352,1.03921],[103.85344,1.03914],[103.85337,1.0387],[103.85318,1.0383],[103.85297,1.03773],[103.85292,1.03749],[103.85288,1.03727],[103.85275,1.03713],[103.85263,1.03712],[103.85246,1.03717],[103.85234,1.0373],[103.8522,1.03745],[103.85197,1.03767],[103.85149,1.0379],[103.85118,1.038],[103.85074,1.038],[103.85026,1.03784],[103.85009,1.0378],[103.84992,1.03779],[103.84981,1.03783],[103.8497,1.03787],[103.84956,1.03793],[103.84941,1.03788],[103.84929,1.0378],[103.84923,1.03768],[103.84874,1.03719],[103.8481,1.03699],[103.84787,1.03693],[103.84762,1.03687],[103.84742,1.03682],[103.84728,1.03681],[103.84709,1.03681],[103.84693,1.03686],[103.84682,1.03691],[103.84672,1.03696]]],[[[103.7949,1.01175],[103.79602,1.01129],[103.79646,1.01079],[103.7968,1.01014],[103.79712,1.00884],[103.79736,1.00741],[103.79781,1.0051],[103.79778,1.00458],[103.79747,1.00377],[103.79719,1.0032],[103.79693,1.00162],[103.79698,1.0009],[103.79723,1.00033],[103.79756,0.99932],[103.79759,0.99904],[103.79744,0.99868],[103.79722,0.9984],[103.79684,0.99794],[103.7963,0.99737],[103.79634,0.99721],[103.79665,0.99691],[103.7978,0.99575],[103.79817,0.99521],[103.79845,0.99459],[103.79879,0.9939],[103.79896,0.99342],[103.79898,0.99325],[103.7989,0.99298],[103.79883,0.99281],[103.79879,0.99264],[103.79889,0.9925],[103.79915,0.99241],[103.79962,0.99224],[103.80017,0.99194],[103.80039,0.99163],[103.80047,0.99134],[103.80041,0.99102],[103.80022,0.99062],[103.80012,0.99037],[103.80028,0.98978],[103.8004,0.98927],[103.80048,0.98885],[103.80044,0.9875],[103.80031,0.98699],[103.80015,0.9866],[103.79978,0.98592],[103.79953,0.98551],[103.79954,0.98533],[103.79971,0.98511],[103.80009,0.98452],[103.80041,0.98383],[103.80073,0.98317],[103.8012,0.98245],[103.80138,0.98204],[103.80143,0.98184],[103.80138,0.98158],[103.80131,0.9814],[103.80104,0.98108],[103.8008,0.98087],[103.80031,0.98058],[103.80023,0.98042],[103.80026,0.98013],[103.80048,0.97877],[103.80071,0.97831],[103.80103,0.97798],[103.80139,0.97767],[103.80174,0.97756],[103.80265,0.97734],[103.80312,0.97709],[103.80329,0.97688],[103.80364,0.97628],[103.80389,0.9758],[103.80461,0.97523],[103.80485,0.97503],[103.80496,0.97483],[103.80508,0.97444],[103.80514,0.97399],[103.80532,0.9735],[103.80538,0.97327],[103.80539,0.97307],[103.80525,0.97288],[103.80472,0.97261],[103.8043,0.97243],[103.80395,0.97231],[103.80379,0.97224],[103.80314,0.97213],[103.80263,0.9722],[103.80223,0.97221],[103.80196,0.97215],[103.8016,0.97204],[103.8009,0.97183],[103.79993,0.97098],[103.79925,0.97025],[103.79854,0.9695],[103.79837,0.96918],[103.79811,0.96904],[103.79782,0.96886],[103.79744,0.96879],[103.79697,0.96878],[103.79619,0.96902],[103.79525,0.96951],[103.79499,0.96987],[103.7949,0.97043],[103.79468,0.9709],[103.79346,0.97248],[103.79264,0.97328],[103.79241,0.97346],[103.79206,0.97354],[103.79184,0.97354],[103.79152,0.97348],[103.79122,0.97346],[103.79067,0.97346],[103.78997,0.97368],[103.78932,0.9739],[103.78767,0.97528],[103.78656,0.97616],[103.78531,0.97687],[103.78405,0.9774],[103.78339,0.97769],[103.78304,0.97782],[103.78278,0.978],[103.78254,0.97826],[103.78135,0.98047],[103.78106,0.98095],[103.78067,0.98144],[103.7801,0.98242],[103.77978,0.98278],[103.77894,0.98338],[103.77823,0.9841],[103.77816,0.98439],[103.77821,0.98549],[103.77821,0.98582],[103.77836,0.98652],[103.77833,0.98676],[103.7782,0.98694],[103.77805,0.98698],[103.77787,0.98698],[103.77771,0.98697],[103.77757,0.98697],[103.77721,0.98706],[103.77647,0.98737],[103.77536,0.98814],[103.7748,0.98892],[103.77467,0.9892],[103.77476,0.98942],[103.77499,0.98952],[103.77531,0.98967],[103.77556,0.98978],[103.77573,0.98985],[103.7758,0.99005],[103.77584,0.99027],[103.77581,0.99051],[103.77573,0.99067],[103.77553,0.99098],[103.77528,0.99147],[103.77521,0.99192],[103.77532,0.99213],[103.77605,0.99261],[103.7763,0.99278],[103.77636,0.99295],[103.77639,0.99314],[103.77639,0.9933],[103.77573,0.99441],[103.77492,0.99583],[103.77425,0.99684],[103.77335,0.99784],[103.77268,0.99855],[103.77244,0.99887],[103.77235,0.99923],[103.77245,0.9995],[103.77267,0.99967],[103.77311,0.99993],[103.77338,1.00012],[103.77362,1.00038],[103.77371,1.0005],[103.774,1.00105],[103.77426,1.00138],[103.77463,1.00151],[103.77526,1.00182],[103.77557,1.00199],[103.77583,1.0022],[103.77605,1.0024],[103.776,1.00261],[103.776,1.00279],[103.77586,1.003],[103.77537,1.00315],[103.77507,1.00328],[103.77483,1.00344],[103.77472,1.00356],[103.77469,1.00384],[103.77465,1.00408],[103.77456,1.00438],[103.77438,1.00474],[103.77415,1.00496],[103.77398,1.00504],[103.77375,1.0051],[103.77358,1.00509],[103.77335,1.00504],[103.77311,1.00496],[103.77291,1.00489],[103.77262,1.00491],[103.77225,1.00498],[103.77182,1.00521],[103.77168,1.00551],[103.77158,1.00585],[103.77168,1.00691],[103.77203,1.0082],[103.77204,1.00845],[103.77196,1.00873],[103.77164,1.00965],[103.77129,1.01044],[103.77088,1.01087],[103.77034,1.01121],[103.76997,1.01133],[103.76966,1.01135],[103.76947,1.01133],[103.76898,1.01125],[103.76785,1.01068],[103.76724,1.01071],[103.76634,1.01118],[103.76573,1.01163],[103.76459,1.01239],[103.76385,1.01265],[103.76307,1.01274],[103.7628,1.01273],[103.76256,1.01273],[103.76239,1.01286],[103.76226,1.01295],[103.76211,1.01327],[103.7621,1.01364],[103.76209,1.01413],[103.76191,1.01441],[103.76176,1.01447],[103.76162,1.01447],[103.76155,1.01437],[103.76148,1.0143],[103.76133,1.01421],[103.76122,1.01425],[103.76113,1.01433],[103.76105,1.01455],[103.76107,1.01484],[103.761,1.01554],[103.76094,1.01584],[103.76079,1.01659],[103.76052,1.0169],[103.76035,1.01708],[103.7602,1.01733],[103.76011,1.01762],[103.76007,1.01802],[103.7599,1.01863],[103.75973,1.01916],[103.75951,1.01956],[103.75923,1.01992],[103.75849,1.02055],[103.75816,1.02077],[103.7578,1.02109],[103.75763,1.02145],[103.75753,1.02195],[103.75736,1.02248],[103.75678,1.02344],[103.75636,1.02414],[103.75594,1.02467],[103.75526,1.0255],[103.75479,1.02595],[103.75449,1.0261],[103.75398,1.02643],[103.75344,1.02658],[103.7528,1.02652],[103.75172,1.02649],[103.75115,1.02652],[103.75074,1.02668],[103.75035,1.02706],[103.74968,1.02803],[103.74922,1.0289],[103.74894,1.02945],[103.74901,1.03019],[103.74928,1.03074],[103.74961,1.03131],[103.7499,1.03145],[103.75008,1.03148],[103.75022,1.0314],[103.75048,1.03123],[103.75072,1.03108],[103.75109,1.03098],[103.75133,1.03095],[103.75167,1.03111],[103.75201,1.03133],[103.75226,1.03153],[103.7524,1.03169],[103.75362,1.03219],[103.75502,1.03346],[103.75574,1.03407],[103.75647,1.03423],[103.75687,1.03422],[103.75724,1.03401],[103.75813,1.03352],[103.75862,1.03331],[103.75915,1.03328],[103.75939,1.03315],[103.75964,1.03288],[103.75978,1.03263],[103.76006,1.03206],[103.7606,1.03179],[103.76277,1.03109],[103.76402,1.03063],[103.7647,1.03058],[103.76544,1.03064],[103.76605,1.03085],[103.76657,1.03107],[103.76688,1.03126],[103.768,1.03249],[103.76839,1.03299],[103.76889,1.03335],[103.76938,1.03347],[103.76999,1.03369],[103.77023,1.03404],[103.77042,1.03455],[103.77055,1.03554],[103.77058,1.03623],[103.77084,1.03739],[103.7709,1.0383],[103.77083,1.03895],[103.77042,1.04052],[103.77029,1.04143],[103.7702,1.04306],[103.7701,1.04514],[103.76989,1.04615],[103.76967,1.04653],[103.76912,1.04784],[103.76903,1.04808],[103.76903,1.04837],[103.7691,1.0485],[103.76927,1.04869],[103.76959,1.04881],[103.7699,1.04888],[103.77053,1.049],[103.77125,1.04922],[103.77168,1.04939],[103.77293,1.05013],[103.77345,1.05029],[103.77389,1.05039],[103.77432,1.05039],[103.77463,1.05027],[103.77575,1.04942],[103.77678,1.04867],[103.77805,1.04747],[103.77874,1.04666],[103.77904,1.04605],[103.7793,1.04555],[103.77938,1.04513],[103.77939,1.04444],[103.77936,1.04395],[103.77946,1.04368],[103.78003,1.04332],[103.7804,1.04328],[103.78083,1.043],[103.78114,1.04285],[103.78151,1.04233],[103.78161,1.04166],[103.78174,1.04123],[103.78216,1.04087],[103.7824,1.04063],[103.78271,1.04056],[103.78293,1.0406],[103.7831,1.04083],[103.78317,1.04115],[103.78345,1.04148],[103.78382,1.04154],[103.78445,1.04147],[103.78471,1.04135],[103.78501,1.04102],[103.78538,1.04051],[103.78586,1.03948],[103.78602,1.03895],[103.78602,1.03862],[103.78591,1.03836],[103.78573,1.03819],[103.78546,1.03804],[103.7851,1.03787],[103.78477,1.03776],[103.78457,1.03767],[103.7844,1.03753],[103.78425,1.03739],[103.78433,1.03719],[103.78446,1.03703],[103.78496,1.03698],[103.78538,1.03708],[103.78573,1.03716],[103.78619,1.03733],[103.78654,1.03753],[103.78691,1.03773],[103.78728,1.03783],[103.78752,1.03801],[103.78756,1.03822],[103.78767,1.0391],[103.7877,1.03988],[103.78747,1.04075],[103.78736,1.04177],[103.78753,1.04269],[103.78815,1.04454],[103.7889,1.04604],[103.78924,1.04623],[103.79021,1.0467],[103.79061,1.04666],[103.79088,1.04655],[103.79138,1.0462],[103.79167,1.04575],[103.79199,1.04488],[103.79211,1.04419],[103.79204,1.04293],[103.792,1.04224],[103.79243,1.04073],[103.793,1.03988],[103.79364,1.03926],[103.79443,1.03858],[103.7949,1.03819],[103.79541,1.03758],[103.79542,1.03744],[103.79561,1.03714],[103.79566,1.03655],[103.79566,1.03601],[103.79579,1.03514],[103.79616,1.03428],[103.7963,1.03399],[103.79649,1.03381],[103.7967,1.0336],[103.79693,1.03341],[103.79703,1.03306],[103.79703,1.03253],[103.79703,1.03213],[103.79682,1.03184],[103.79666,1.03142],[103.79657,1.03103],[103.79647,1.0307],[103.79645,1.03019],[103.79645,1.02992],[103.79628,1.02969],[103.79604,1.02955],[103.7958,1.02942],[103.79565,1.02929],[103.7956,1.02904],[103.7958,1.02895],[103.79611,1.02884],[103.79625,1.02867],[103.79628,1.02838],[103.79623,1.02792],[103.79618,1.02756],[103.79618,1.02727],[103.79633,1.02718],[103.79661,1.02714],[103.79704,1.02712],[103.79737,1.02695],[103.79792,1.02674],[103.79877,1.02605],[103.79917,1.02572],[103.79941,1.02518],[103.79949,1.02466],[103.79943,1.02425],[103.79903,1.02313],[103.79889,1.02281],[103.7988,1.02262],[103.79876,1.02247],[103.79879,1.02228],[103.79884,1.02181],[103.79881,1.02116],[103.79869,1.02078],[103.79865,1.02061],[103.79858,1.02041],[103.79867,1.01998],[103.79883,1.01934],[103.79891,1.01887],[103.79907,1.01871],[103.79925,1.0186],[103.79935,1.01852],[103.79949,1.01849],[103.79946,1.01838],[103.79936,1.01809],[103.79911,1.01705],[103.79887,1.01652],[103.79877,1.01619],[103.79872,1.01597],[103.79851,1.01576],[103.79829,1.01565],[103.79714,1.01512],[103.79664,1.01489],[103.79649,1.01479],[103.79537,1.01311],[103.79471,1.01215],[103.79471,1.01197],[103.79478,1.01183],[103.7949,1.01175]]]]}},{"type":"Feature","properties":{"name":"Lubuk Baja"},"geometry":{"type":"MultiPolygon","coordinates":[[[[104.0033,1.11249],[104.00357,1.11463],[104.0018,1.11761],[103.99968,1.12018],[104.00016,1.12031],[104.00027,1.1204],[104.00002,1.12073],[104.00009,1.12112],[104.00047,1.12149],[104.00092,1.1215],[104.00206,1.12237],[104.00222,1.12242],[104.00262,1.12394],[104.00293,1.12478],[104.00393,1.12615],[104.00376,1.12631],[104.00272,1.12483],[104.00158,1.12295],[104.0009,1.12227],[104.00029,1.12191],[103.99995,1.12183],[103.99959,1.12187],[103.99889,1.12224],[103.99832,1.12278],[103.99766,1.12348],[103.99721,1.12437],[103.99657,1.12589],[103.99641,1.12628],[103.99616,1.12661],[103.99539,1.12741],[103.99465,1.12849],[103.99386,1.12942],[103.99372,1.12952],[103.99355,1.12953],[103.99348,1.12956],[103.99342,1.12961],[103.99341,1.12969],[103.99348,1.12987],[103.99344,1.12996],[103.99319,1.1303],[103.9931,1.13035],[103.99289,1.13036],[103.9928,1.1304],[103.99272,1.13053],[103.99275,1.13107],[103.99264,1.13148],[103.99265,1.13154],[103.99273,1.1317],[103.99277,1.13255],[103.99259,1.13347],[103.99211,1.13479],[103.99163,1.13623],[103.99147,1.13658],[103.99073,1.13739],[103.99061,1.13765],[103.9902,1.13902],[103.99011,1.13925],[103.98998,1.13936],[103.98858,1.13978],[103.98816,1.14001],[103.98773,1.14044],[103.98735,1.14092],[103.98724,1.1411],[103.98698,1.14208],[103.9868,1.14271],[103.98672,1.14284],[103.98664,1.14289],[103.98537,1.14256],[103.98524,1.14251],[103.98519,1.14252],[103.98512,1.14257],[103.98495,1.1432],[103.98476,1.14407],[103.98482,1.14418],[103.98493,1.14425],[103.98587,1.14452],[103.98596,1.14455],[103.9861,1.1445],[103.98614,1.14439],[103.98613,1.14427],[103.9861,1.14422],[103.98569,1.14414],[103.98559,1.14409],[103.9856,1.14382],[103.98558,1.14365],[103.98543,1.1435],[103.98528,1.14337],[103.98526,1.14321],[103.98533,1.14303],[103.98546,1.14297],[103.98567,1.14295],[103.98657,1.14325],[103.9867,1.14325],[103.98684,1.1432],[103.987,1.14299],[103.98759,1.14169],[103.98771,1.14159],[103.98848,1.14162],[103.98958,1.14141],[103.99034,1.14105],[103.99058,1.14105],[103.99071,1.14117],[103.99101,1.14192],[103.99208,1.14297],[103.99245,1.14281],[103.99271,1.14358],[103.99285,1.14434],[103.99286,1.14476],[103.99281,1.14536],[103.9926,1.14647],[103.99241,1.14724],[103.99227,1.14771],[103.99192,1.14815],[103.99185,1.1484],[103.99187,1.14849],[103.99198,1.14851],[103.99221,1.14852],[103.99244,1.14863],[103.99272,1.14886],[103.99295,1.14931],[103.993,1.14945],[103.99305,1.14949],[103.99314,1.14947],[103.9934,1.14925],[103.9937,1.14888],[103.99371,1.14875],[103.99343,1.14841],[103.99359,1.14805],[103.99552,1.14872],[103.99598,1.14887],[103.99622,1.14905],[103.99647,1.14939],[103.99671,1.14948],[103.99691,1.14949],[103.99695,1.14944],[103.99712,1.14894],[103.99752,1.14847],[103.99773,1.14885],[103.99776,1.14922],[103.99899,1.14925],[103.99966,1.14868],[104.00027,1.14824],[104.00082,1.14798],[104.00087,1.14798],[104.00098,1.14803],[104.00115,1.14827],[104.00117,1.14836],[104.00109,1.1486],[104.001,1.1488],[104.00097,1.14893],[104.00101,1.14913],[104.00133,1.14996],[104.00132,1.15029],[104.00131,1.1504],[104.00129,1.15055],[104.00119,1.15061],[104.00077,1.15065],[104.00019,1.1506],[103.9995,1.15145],[103.99924,1.15177],[104.0002,1.15192],[104.0011,1.15206],[104.00212,1.15222],[104.00303,1.15235],[104.00359,1.15225],[104.00456,1.15215],[104.00545,1.15204],[104.00582,1.152],[104.00641,1.15177],[104.00693,1.1516],[104.00733,1.15154],[104.00807,1.15156],[104.00824,1.15172],[104.00849,1.15206],[104.00875,1.15233],[104.00895,1.15247],[104.0093,1.15255],[104.00967,1.15244],[104.01091,1.1517],[104.0112,1.15152],[104.01152,1.15117],[104.01203,1.15042],[104.0123,1.14986],[104.01221,1.14923],[104.01209,1.1485],[104.01327,1.14783],[104.0143,1.14758],[104.01524,1.14739],[104.01616,1.14711],[104.01653,1.14685],[104.0168,1.14727],[104.01705,1.14755],[104.01746,1.14816],[104.01781,1.14868],[104.01893,1.14837],[104.01935,1.14825],[104.02027,1.14825],[104.02029,1.14766],[104.0203,1.14733],[104.02035,1.14706],[104.02138,1.14681],[104.0222,1.14667],[104.02176,1.14596],[104.02163,1.14544],[104.0217,1.14495],[104.02226,1.14405],[104.02291,1.14295],[104.02297,1.14264],[104.02313,1.14171],[104.02321,1.14122],[104.02324,1.14049],[104.02329,1.13957],[104.02324,1.13858],[104.0232,1.1374],[104.02315,1.13639],[104.02303,1.13462],[104.02255,1.13363],[104.02157,1.13299],[104.02063,1.13266],[104.01963,1.13219],[104.01879,1.13175],[104.01765,1.13089],[104.01744,1.13072],[104.01671,1.13],[104.01663,1.12942],[104.01681,1.12872],[104.01728,1.12711],[104.01763,1.12593],[104.0183,1.12429],[104.01852,1.12375],[104.01722,1.1229],[104.01695,1.1227],[104.01545,1.12227],[104.01468,1.1216],[104.01455,1.12067],[104.01456,1.1198],[104.01548,1.11772],[104.01595,1.11672],[104.01589,1.11665],[104.01579,1.11594],[104.01566,1.11515],[104.01498,1.11449],[104.01445,1.11397],[104.01382,1.11351],[104.01269,1.1127],[104.01189,1.11212],[104.01077,1.11142],[104.00934,1.11053],[104.00845,1.10997],[104.00728,1.10925],[104.00632,1.10868],[104.00496,1.10809],[104.00443,1.10806],[104.00461,1.10868],[104.00467,1.10889],[104.00457,1.10963],[104.00448,1.11031],[104.00383,1.11117],[104.00344,1.11169],[104.00333,1.11243],[104.0033,1.11249]]]]}},{"type":"Feature","properties":{"name":"Bulang"},"geometry":{"type":"MultiPolygon","coordinates":[[[[104.09016,0.96049],[104.09009,0.96019],[104.09076,0.95869],[104.09115,0.95821],[104.09155,0.95766],[104.09233,0.9574],[104.09329,0.95761],[104.09421,0.95802],[104.09482,0.95834],[104.0952,0.95875],[104.09522,0.95944],[104.09486,0.96014],[104.09451,0.96062],[104.09469,0.96109],[104.09462,0.96158],[104.09434,0.9619],[104.09445,0.96246],[104.09494,0.96283],[104.0949,0.96368],[104.09456,0.96429],[104.09411,0.96452],[104.09383,0.9651],[104.09368,0.96589],[104.0931,0.96682],[104.09306,0.96742],[104.09273,0.96847],[104.09265,0.96916],[104.09282,0.96956],[104.09255,0.96963],[104.0921,0.96954],[104.09165,0.96943],[104.09135,0.96922],[104.09106,0.969],[104.0907,0.96886],[104.09021,0.96892],[104.08976,0.96908],[104.0896,0.96927],[104.08954,0.96953],[104.08963,0.96981],[104.08963,0.96997],[104.08938,0.97033],[104.08899,0.97053],[104.0888,0.97052],[104.08869,0.9704],[104.0886,0.97008],[104.08848,0.96965],[104.0883,0.9694],[104.0881,0.96933],[104.08789,0.96935],[104.08772,0.96948],[104.08764,0.9697],[104.08771,0.97023],[104.08766,0.97081],[104.08755,0.9714],[104.08744,0.9715],[104.08722,0.97151],[104.08683,0.97149],[104.08636,0.97149],[104.08574,0.97155],[104.08529,0.97154],[104.08484,0.97154],[104.08446,0.97165],[104.08422,0.97174],[104.08409,0.97195],[104.08391,0.97212],[104.08367,0.97218],[104.08343,0.97222],[104.08307,0.97223],[104.08287,0.97225],[104.08271,0.97234],[104.08262,0.97229],[104.08253,0.97207],[104.08261,0.97181],[104.08296,0.97138],[104.08318,0.97121],[104.08338,0.97091],[104.08369,0.97038],[104.08388,0.97009],[104.08393,0.96983],[104.08389,0.96945],[104.08394,0.96892],[104.08404,0.96857],[104.0843,0.96832],[104.08451,0.96807],[104.08506,0.96787],[104.08551,0.96749],[104.08571,0.96726],[104.08633,0.96615],[104.08693,0.96515],[104.0873,0.96427],[104.0873,0.96401],[104.08736,0.96368],[104.08777,0.96303],[104.08814,0.9625],[104.08842,0.96222],[104.08965,0.96091],[104.08989,0.96067],[104.09016,0.96049]]],[[[104.10544,0.97281],[104.10522,0.97193],[104.10587,0.97116],[104.10642,0.97056],[104.10692,0.96974],[104.10756,0.96912],[104.10859,0.96912],[104.10962,0.96888],[104.11001,0.96841],[104.11011,0.96815],[104.11039,0.96809],[104.1116,0.96835],[104.11245,0.96824],[104.1134,0.96738],[104.11391,0.96706],[104.11438,0.9671],[104.11441,0.9668],[104.11439,0.96656],[104.11456,0.96657],[104.11464,0.96669],[104.11469,0.96682],[104.11488,0.96687],[104.11521,0.96674],[104.11546,0.96653],[104.11559,0.96632],[104.1157,0.96625],[104.11645,0.96651],[104.11684,0.96668],[104.11678,0.96698],[104.11694,0.967],[104.11786,0.96657],[104.11832,0.96633],[104.11895,0.96586],[104.11964,0.9653],[104.12073,0.96544],[104.12128,0.96624],[104.1213,0.96667],[104.12123,0.96731],[104.12091,0.96763],[104.12011,0.96776],[104.11977,0.96784],[104.11941,0.96846],[104.11918,0.96881],[104.11843,0.96939],[104.1181,0.9698],[104.11788,0.97002],[104.1174,0.9701],[104.11727,0.9702],[104.11732,0.97037],[104.11735,0.97055],[104.11699,0.97075],[104.11685,0.97087],[104.11685,0.97109],[104.11695,0.97151],[104.11701,0.97174],[104.11698,0.97205],[104.11676,0.97241],[104.11653,0.97252],[104.11606,0.97269],[104.11567,0.97278],[104.1149,0.97294],[104.11438,0.97325],[104.11418,0.97349],[104.11403,0.97385],[104.11389,0.97404],[104.11371,0.97411],[104.11353,0.97431],[104.1134,0.97496],[104.11349,0.97534],[104.11355,0.97572],[104.11389,0.97621],[104.11426,0.97668],[104.11434,0.97687],[104.1143,0.9771],[104.11408,0.97744],[104.11374,0.97776],[104.11313,0.97841],[104.1131,0.97867],[104.11306,0.97945],[104.1129,0.98007],[104.11281,0.9812],[104.11299,0.98171],[104.11259,0.98249],[104.112,0.98299],[104.11144,0.98315],[104.11119,0.98331],[104.11069,0.98332],[104.11052,0.98346],[104.11014,0.98348],[104.10996,0.98318],[104.10964,0.9831],[104.10913,0.98309],[104.10878,0.98316],[104.10829,0.98331],[104.10808,0.98315],[104.10797,0.98293],[104.10758,0.98255],[104.10793,0.98212],[104.10854,0.98139],[104.10853,0.9809],[104.10862,0.98031],[104.10872,0.9797],[104.10831,0.97869],[104.10807,0.97824],[104.107,0.97718],[104.10645,0.97718],[104.10627,0.977],[104.10627,0.97656],[104.10572,0.97614],[104.1052,0.97601],[104.10465,0.97589],[104.10431,0.97589],[104.1041,0.9758],[104.10384,0.97548],[104.10343,0.97509],[104.10318,0.97456],[104.10331,0.97414],[104.10377,0.97367],[104.10424,0.97352],[104.10455,0.97335],[104.10495,0.97317],[104.10529,0.97297],[104.10544,0.97281]]],[[[103.94777,0.91972],[103.94789,0.91798],[103.94764,0.91687],[103.94706,0.91574],[103.94726,0.91532],[103.94789,0.91504],[103.94869,0.91507],[103.94932,0.91411],[103.95047,0.9114],[103.95049,0.91038],[103.95025,0.90955],[103.95104,0.91004],[103.95118,0.90987],[103.95047,0.90925],[103.95055,0.90896],[103.95084,0.90877],[103.95105,0.90828],[103.95041,0.90777],[103.95023,0.90727],[103.94943,0.9068],[103.94861,0.9061],[103.94833,0.9057],[103.94838,0.90467],[103.94707,0.90346],[103.94672,0.90169],[103.94683,0.90136],[103.94738,0.90197],[103.94781,0.90201],[103.94858,0.90249],[103.949,0.90333],[103.94926,0.90397],[103.94947,0.90438],[103.94963,0.90466],[103.94993,0.9047],[103.95046,0.90476],[103.95085,0.90484],[103.95162,0.90539],[103.95277,0.90601],[103.95319,0.90629],[103.95578,0.90621],[103.95727,0.90625],[103.95834,0.90683],[103.9593,0.9075],[103.95995,0.90773],[103.96046,0.90755],[103.96227,0.90754],[103.96256,0.90747],[103.96397,0.908],[103.96466,0.90835],[103.96558,0.90964],[103.96552,0.91],[103.96521,0.91005],[103.96487,0.91002],[103.96458,0.90995],[103.96419,0.91008],[103.96353,0.91182],[103.96351,0.9122],[103.96428,0.9128],[103.96431,0.91336],[103.96448,0.91363],[103.96458,0.91392],[103.96483,0.9141],[103.96499,0.91422],[103.96517,0.91422],[103.96527,0.91421],[103.96529,0.91549],[103.96532,0.91669],[103.96534,0.91717],[103.9646,0.91882],[103.96386,0.9195],[103.9622,0.92037],[103.95999,0.92153],[103.95813,0.92222],[103.9541,0.92291],[103.9514,0.92335],[103.94891,0.92409],[103.94851,0.92435],[103.94789,0.92436],[103.94746,0.92412],[103.9472,0.92366],[103.94711,0.92308],[103.94727,0.92157],[103.94777,0.91979],[103.94777,0.91972]]],[[[103.98309,1.00785],[103.98354,1.00821],[103.9839,1.00849],[103.98547,1.00948],[103.98734,1.01066],[103.98787,1.01072],[103.98828,1.01087],[103.98925,1.01148],[103.98964,1.0118],[103.98996,1.01197],[103.99023,1.01217],[103.99063,1.01221],[103.99152,1.01213],[103.99228,1.01193],[103.99272,1.01159],[103.99315,1.01078],[103.99335,1.00992],[103.99374,1.00737],[103.99357,1.0062],[103.99364,1.0055],[103.99334,1.00446],[103.99327,1.00341],[103.9933,1.00319],[103.99357,1.00232],[103.99349,1.00201],[103.99328,1.00173],[103.99314,1.0016],[103.99283,1.00172],[103.99262,1.00164],[103.99241,1.00134],[103.99213,1.00122],[103.99191,1.00112],[103.99174,1.00093],[103.99164,1.00078],[103.99149,1.00063],[103.9913,1.00059],[103.99113,1.00082],[103.99089,1.00092],[103.99058,1.00084],[103.9904,1.00078],[103.99003,1.00067],[103.98972,1.00067],[103.98944,1.00076],[103.98916,1.00094],[103.98873,1.00126],[103.98854,1.00169],[103.98773,1.00218],[103.98751,1.00246],[103.98731,1.00262],[103.98709,1.00264],[103.98697,1.00264],[103.98689,1.00255],[103.98678,1.00254],[103.9867,1.0026],[103.98641,1.0026],[103.986,1.00245],[103.98577,1.00233],[103.98547,1.00233],[103.98513,1.00242],[103.9845,1.00262],[103.98375,1.00285],[103.98344,1.00292],[103.98318,1.00295],[103.98298,1.00297],[103.98288,1.00306],[103.98258,1.00336],[103.98219,1.00398],[103.98203,1.00436],[103.98194,1.00472],[103.98187,1.00488],[103.98177,1.00499],[103.98165,1.00512],[103.9815,1.00543],[103.98148,1.00569],[103.98159,1.00579],[103.98175,1.00592],[103.98187,1.00606],[103.98197,1.00619],[103.98215,1.00646],[103.98224,1.00661],[103.98253,1.00695],[103.9827,1.00712],[103.98285,1.0074],[103.983,1.00768],[103.98309,1.00785]]],[[[103.96899,0.96555],[103.97017,0.96489],[103.97068,0.96452],[103.97118,0.96431],[103.97161,0.96386],[103.97182,0.96332],[103.97253,0.96233],[103.97442,0.95645],[103.9745,0.95392],[103.97131,0.95143],[103.9715,0.95111],[103.97129,0.95092],[103.97103,0.95099],[103.97076,0.95124],[103.97007,0.95131],[103.96933,0.95163],[103.96763,0.95368],[103.96746,0.9541],[103.96747,0.95465],[103.96792,0.95633],[103.96807,0.95803],[103.96803,0.95842],[103.96779,0.95895],[103.96632,0.9604],[103.96612,0.96086],[103.96627,0.96138],[103.96651,0.96178],[103.96798,0.9632],[103.96834,0.96487],[103.9684,0.96531],[103.96866,0.96561],[103.96899,0.96565],[103.96899,0.96555]]],[[[104.05002,0.90954],[104.04983,0.90722],[104.04936,0.90456],[104.04932,0.90376],[104.04954,0.90209],[104.04992,0.90168],[104.05093,0.9015],[104.05133,0.9014],[104.05142,0.90106],[104.05139,0.90084],[104.05123,0.9007],[104.05096,0.9007],[104.0505,0.90085],[104.04993,0.90096],[104.04943,0.90106],[104.04897,0.90099],[104.04855,0.90089],[104.04831,0.90084],[104.04771,0.90049],[104.04751,0.90035],[104.04706,0.89976],[104.04684,0.89928],[104.04669,0.89867],[104.04667,0.89799],[104.04666,0.89772],[104.04659,0.89739],[104.04636,0.89714],[104.04604,0.89699],[104.04566,0.8969],[104.0451,0.89682],[104.04461,0.89688],[104.04419,0.897],[104.04389,0.89714],[104.04359,0.89722],[104.04351,0.89725],[104.04273,0.89721],[104.04253,0.89718],[104.04207,0.89709],[104.0419,0.89704],[104.04166,0.89692],[104.04148,0.89668],[104.04143,0.8964],[104.04142,0.89605],[104.04135,0.89584],[104.04095,0.89561],[104.04066,0.89533],[104.04039,0.89511],[104.04008,0.89501],[104.03938,0.89505],[104.03914,0.89501],[104.03884,0.89487],[104.03845,0.89455],[104.03783,0.89412],[104.03756,0.89395],[104.03674,0.89319],[104.03619,0.89276],[104.03608,0.89269],[104.0358,0.89261],[104.03571,0.8926],[104.03556,0.89261],[104.03537,0.89275],[104.03524,0.89302],[104.03521,0.89357],[104.03521,0.89401],[104.03513,0.89443],[104.03522,0.89468],[104.03546,0.89497],[104.03586,0.8957],[104.036,0.89607],[104.03607,0.89641],[104.03605,0.89667],[104.03604,0.89695],[104.03615,0.89726],[104.03637,0.89751],[104.03657,0.89781],[104.03663,0.89791],[104.03679,0.89833],[104.03679,0.89878],[104.03666,0.89916],[104.03646,0.89943],[104.03632,0.89957],[104.03601,0.89973],[104.03538,0.89995],[104.03466,0.90014],[104.03433,0.90035],[104.034,0.90059],[104.03355,0.90095],[104.03341,0.90096],[104.0333,0.90095],[104.03304,0.9009],[104.03287,0.90081],[104.03278,0.90075],[104.03272,0.9007],[104.03263,0.90068],[104.03255,0.90069],[104.0325,0.90074],[104.03248,0.90079],[104.0325,0.90086],[104.03249,0.90093],[104.03254,0.90097],[104.0326,0.90101],[104.03269,0.90104],[104.03279,0.90105],[104.03287,0.90106],[104.03298,0.90108],[104.03311,0.90111],[104.03318,0.90115],[104.03334,0.90123],[104.03343,0.9013],[104.0335,0.90145],[104.03358,0.90158],[104.03367,0.90168],[104.03386,0.90187],[104.03412,0.90199],[104.03444,0.90216],[104.03458,0.90225],[104.0347,0.90236],[104.03484,0.90252],[104.03509,0.90279],[104.03529,0.90301],[104.03542,0.90334],[104.03548,0.90352],[104.03562,0.90366],[104.03587,0.90371],[104.03607,0.9037],[104.03619,0.90366],[104.03627,0.90361],[104.03658,0.90337],[104.03702,0.90297],[104.03725,0.90276],[104.03747,0.9026],[104.0377,0.90248],[104.03783,0.90242],[104.03809,0.90238],[104.03832,0.90234],[104.03859,0.90234],[104.03885,0.90236],[104.03908,0.90241],[104.03936,0.90248],[104.03976,0.90265],[104.04001,0.9028],[104.0401,0.90285],[104.04015,0.90287],[104.04033,0.90307],[104.04043,0.90317],[104.0405,0.9032],[104.04077,0.90362],[104.04085,0.90372],[104.04092,0.9039],[104.0409,0.90427],[104.04087,0.9045],[104.04081,0.90503],[104.04075,0.90548],[104.04078,0.90582],[104.0409,0.90624],[104.04107,0.90664],[104.04139,0.90711],[104.04175,0.90759],[104.04222,0.90822],[104.04247,0.9085],[104.04279,0.90889],[104.04308,0.90933],[104.04338,0.90978],[104.04353,0.90998],[104.04365,0.91022],[104.04364,0.91045],[104.0435,0.91078],[104.04321,0.91122],[104.04278,0.91174],[104.0426,0.91189],[104.04165,0.91261],[104.04103,0.9128],[104.04078,0.91283],[104.04054,0.91278],[104.04021,0.91259],[104.04006,0.91249],[104.03973,0.91221],[104.03954,0.91211],[104.03931,0.91206],[104.03907,0.91207],[104.0389,0.91214],[104.03883,0.91227],[104.03886,0.91241],[104.03891,0.91252],[104.03912,0.91274],[104.0393,0.91311],[104.03991,0.91373],[104.04015,0.91384],[104.04048,0.91395],[104.04071,0.91402],[104.0409,0.91411],[104.04122,0.91421],[104.04156,0.91454],[104.04195,0.91486],[104.04206,0.91506],[104.04227,0.91527],[104.04239,0.91539],[104.04259,0.91551],[104.04269,0.91559],[104.04281,0.91575],[104.0429,0.91592],[104.04303,0.91604],[104.0433,0.91622],[104.04349,0.91629],[104.0436,0.91632],[104.04372,0.91629],[104.04384,0.9162],[104.04394,0.91604],[104.04403,0.91595],[104.04414,0.91589],[104.04423,0.91589],[104.04438,0.91592],[104.04446,0.91598],[104.04455,0.91603],[104.04467,0.91617],[104.04473,0.91626],[104.04479,0.91638],[104.04482,0.91658],[104.04482,0.91679],[104.04479,0.91695],[104.04483,0.91727],[104.0449,0.91761],[104.04502,0.91787],[104.04524,0.91814],[104.0457,0.91859],[104.04601,0.9189],[104.04644,0.9195],[104.04652,0.91963],[104.04665,0.91993],[104.04678,0.92043],[104.04691,0.92061],[104.04718,0.92085],[104.04746,0.92098],[104.04769,0.92104],[104.04789,0.92107],[104.04849,0.92108],[104.04878,0.92103],[104.04903,0.92085],[104.04948,0.92049],[104.04958,0.9204],[104.04986,0.92035],[104.05011,0.92034],[104.05035,0.9204],[104.05052,0.92045],[104.05066,0.92056],[104.05088,0.92068],[104.051,0.92075],[104.05138,0.92076],[104.05195,0.92072],[104.05246,0.92067],[104.05288,0.9206],[104.05303,0.92056],[104.05309,0.92049],[104.05315,0.92039],[104.05323,0.92017],[104.0533,0.9198],[104.05352,0.9196],[104.05374,0.9195],[104.05403,0.91934],[104.05417,0.91926],[104.05441,0.91914],[104.05494,0.91889],[104.05506,0.91879],[104.05524,0.91848],[104.05532,0.91818],[104.05554,0.91793],[104.05583,0.91776],[104.05609,0.91769],[104.0563,0.91754],[104.05656,0.91724],[104.05675,0.91676],[104.05672,0.91654],[104.05644,0.91614],[104.05616,0.91596],[104.05592,0.91589],[104.05564,0.9159],[104.05538,0.91607],[104.05496,0.91661],[104.05469,0.91677],[104.05435,0.91683],[104.05395,0.91675],[104.0535,0.91646],[104.05319,0.91611],[104.05277,0.91533],[104.05268,0.91474],[104.05266,0.91418],[104.05275,0.91363],[104.05272,0.91325],[104.05265,0.91308],[104.05233,0.9129],[104.05106,0.91255],[104.05074,0.91234],[104.05045,0.91197],[104.05008,0.9098],[104.05008,0.90959],[104.05002,0.90954]]],[[[103.98569,0.96123],[103.98461,0.9565],[103.98812,0.95115],[103.98824,0.94678],[103.99115,0.9457],[103.99549,0.9492],[103.99184,0.95375],[103.99147,0.96106],[103.99291,0.96308],[103.98681,0.97461],[103.98184,0.9762],[103.97961,0.97394],[103.98041,0.96664],[103.98527,0.96167],[103.98569,0.96123]]],[[[104.04587,0.95418],[104.04457,0.95306],[104.04406,0.95242],[104.04388,0.95189],[104.04397,0.95143],[104.04401,0.95108],[104.04372,0.95056],[104.04387,0.95013],[104.04411,0.9492],[104.04449,0.94872],[104.04553,0.94863],[104.04641,0.94833],[104.04697,0.94718],[104.04741,0.94657],[104.04741,0.9461],[104.04668,0.94534],[104.04624,0.94452],[104.0462,0.94418],[104.04642,0.94326],[104.04637,0.94289],[104.04567,0.94214],[104.04538,0.94173],[104.04546,0.94137],[104.04573,0.94079],[104.04582,0.94028],[104.04579,0.94006],[104.04508,0.9391],[104.045,0.93857],[104.04481,0.93809],[104.0449,0.93747],[104.04523,0.93638],[104.0455,0.93582],[104.046,0.93516],[104.04672,0.93408],[104.04716,0.93316],[104.04728,0.93239],[104.04731,0.9317],[104.04722,0.93145],[104.04707,0.93126],[104.04689,0.93114],[104.04668,0.93096],[104.04659,0.93081],[104.04645,0.93054],[104.04644,0.93014],[104.04649,0.92995],[104.04656,0.92984],[104.04673,0.92978],[104.04683,0.92982],[104.04699,0.92993],[104.04717,0.93013],[104.04732,0.93028],[104.04742,0.9305],[104.04742,0.93061],[104.04738,0.93074],[104.04741,0.93085],[104.04765,0.93092],[104.048,0.93087],[104.04869,0.93073],[104.04941,0.93052],[104.04966,0.93048],[104.04976,0.93051],[104.04982,0.93054],[104.04987,0.93059],[104.04995,0.93075],[104.05,0.93116],[104.05004,0.93155],[104.05016,0.93191],[104.05056,0.93257],[104.05084,0.93288],[104.05116,0.93303],[104.05149,0.93318],[104.05193,0.93332],[104.05227,0.93335],[104.05273,0.93328],[104.05317,0.93314],[104.05339,0.93303],[104.05431,0.93288],[104.05483,0.93275],[104.05511,0.9326],[104.05536,0.93235],[104.05551,0.93199],[104.05583,0.93132],[104.0559,0.93118],[104.05607,0.93062],[104.05599,0.93002],[104.056,0.92994],[104.056,0.92987],[104.05614,0.92941],[104.05644,0.92882],[104.05691,0.92826],[104.05707,0.92786],[104.05734,0.92743],[104.05742,0.9272],[104.05739,0.92706],[104.05742,0.92697],[104.05734,0.92654],[104.05728,0.92626],[104.05726,0.92606],[104.05726,0.92582],[104.05725,0.92509],[104.05753,0.92464],[104.05786,0.92432],[104.05825,0.92417],[104.05913,0.92401],[104.05927,0.92395],[104.05953,0.92383],[104.05976,0.9236],[104.05985,0.9235],[104.06005,0.92342],[104.0608,0.92328],[104.06127,0.92317],[104.06142,0.92322],[104.0615,0.92328],[104.06163,0.92331],[104.06172,0.92334],[104.06179,0.92331],[104.06192,0.92314],[104.06221,0.92299],[104.06235,0.92285],[104.06264,0.92252],[104.06306,0.92222],[104.06329,0.92208],[104.06356,0.92194],[104.06375,0.92185],[104.06381,0.92178],[104.06384,0.92159],[104.06388,0.92152],[104.06396,0.92145],[104.06408,0.92134],[104.06415,0.92125],[104.06421,0.92101],[104.06422,0.92068],[104.06421,0.92037],[104.06424,0.92007],[104.06434,0.9199],[104.0647,0.91975],[104.06501,0.91972],[104.06525,0.91965],[104.06574,0.91949],[104.06614,0.91929],[104.06622,0.91919],[104.06624,0.91901],[104.06625,0.91878],[104.0663,0.91852],[104.06641,0.91838],[104.06655,0.91824],[104.06682,0.91809],[104.06738,0.91783],[104.06745,0.91775],[104.06754,0.91757],[104.06756,0.91746],[104.06754,0.91695],[104.06755,0.91661],[104.06754,0.91607],[104.06757,0.91568],[104.06772,0.91504],[104.06784,0.91475],[104.06794,0.91461],[104.06803,0.91456],[104.06816,0.9146],[104.06823,0.9147],[104.06831,0.91484],[104.06844,0.91499],[104.06858,0.91509],[104.06897,0.9152],[104.06948,0.91522],[104.06993,0.91533],[104.07018,0.91544],[104.07032,0.91553],[104.07041,0.91567],[104.0704,0.91581],[104.07023,0.91609],[104.07003,0.91637],[104.06992,0.91647],[104.06981,0.91672],[104.0698,0.91691],[104.06983,0.91707],[104.06988,0.91723],[104.06995,0.91734],[104.0701,0.91749],[104.07027,0.91761],[104.07049,0.91776],[104.07066,0.91796],[104.07087,0.91838],[104.07093,0.91869],[104.07098,0.9189],[104.071,0.91942],[104.07104,0.91963],[104.07128,0.92003],[104.0715,0.92041],[104.07181,0.921],[104.07204,0.92155],[104.0723,0.92222],[104.07246,0.92275],[104.07263,0.9232],[104.07283,0.92383],[104.07329,0.92507],[104.07344,0.92545],[104.07379,0.9266],[104.07399,0.92708],[104.07424,0.92777],[104.07441,0.92819],[104.07466,0.92862],[104.07491,0.92895],[104.07545,0.92961],[104.07602,0.93033],[104.07624,0.9308],[104.07635,0.93113],[104.07645,0.93126],[104.07655,0.9314],[104.07685,0.93167],[104.07723,0.93189],[104.07735,0.93195],[104.07765,0.93224],[104.07786,0.93261],[104.07809,0.93327],[104.07814,0.93351],[104.07818,0.93377],[104.07822,0.93405],[104.07826,0.93412],[104.07835,0.93419],[104.07859,0.93435],[104.07877,0.93446],[104.07902,0.93465],[104.07926,0.93482],[104.07944,0.93493],[104.07982,0.93524],[104.07986,0.93533],[104.07982,0.93546],[104.07971,0.93555],[104.07964,0.93561],[104.0795,0.93567],[104.07937,0.93569],[104.07927,0.9357],[104.07915,0.9357],[104.07904,0.93571],[104.07894,0.93571],[104.07887,0.9357],[104.07877,0.93571],[104.07868,0.93571],[104.07855,0.93574],[104.07833,0.93587],[104.07819,0.93592],[104.07799,0.93597],[104.07781,0.936],[104.07765,0.93601],[104.07751,0.93603],[104.07736,0.93606],[104.07718,0.93617],[104.07706,0.9364],[104.07701,0.93662],[104.07697,0.93687],[104.07688,0.93719],[104.07687,0.93738],[104.07688,0.93772],[104.07686,0.938],[104.07685,0.93809],[104.07675,0.93818],[104.07664,0.93817],[104.07653,0.93815],[104.0764,0.93809],[104.07629,0.93806],[104.07621,0.93803],[104.07609,0.93799],[104.076,0.93802],[104.07592,0.93807],[104.07586,0.93813],[104.07576,0.93836],[104.07572,0.93847],[104.07568,0.93875],[104.07572,0.93891],[104.07567,0.93903],[104.07552,0.93913],[104.07537,0.93915],[104.07522,0.93915],[104.07507,0.93916],[104.07495,0.93921],[104.07485,0.93931],[104.07474,0.93945],[104.07462,0.93972],[104.07456,0.93999],[104.07457,0.94041],[104.07449,0.94063],[104.07432,0.94075],[104.07405,0.94095],[104.07387,0.9411],[104.07371,0.94173],[104.07345,0.94239],[104.07342,0.94262],[104.07347,0.94293],[104.0736,0.94343],[104.07377,0.94411],[104.0739,0.94433],[104.07402,0.94443],[104.0742,0.94448],[104.07432,0.94449],[104.07462,0.94455],[104.07492,0.94471],[104.07504,0.94488],[104.07525,0.94513],[104.07535,0.94537],[104.07554,0.94556],[104.07573,0.94573],[104.07606,0.94595],[104.07651,0.94622],[104.07665,0.94633],[104.07693,0.94667],[104.07703,0.94698],[104.07719,0.94722],[104.0774,0.94734],[104.07768,0.94739],[104.07803,0.94745],[104.07838,0.94755],[104.07875,0.94772],[104.0788,0.9478],[104.07887,0.94795],[104.07887,0.94825],[104.07891,0.94839],[104.07901,0.94851],[104.07939,0.94877],[104.07953,0.94884],[104.07969,0.94905],[104.07968,0.94925],[104.07958,0.94947],[104.07939,0.9498],[104.07932,0.94998],[104.07923,0.95053],[104.0791,0.95103],[104.07904,0.95161],[104.07902,0.95183],[104.07884,0.95251],[104.07861,0.95306],[104.07846,0.95336],[104.07823,0.95385],[104.078,0.95425],[104.07776,0.95451],[104.07716,0.95479],[104.07705,0.95484],[104.07677,0.95514],[104.07657,0.95553],[104.07647,0.9558],[104.07646,0.95625],[104.07647,0.95635],[104.07641,0.95646],[104.0763,0.95654],[104.07612,0.95666],[104.07587,0.95675],[104.0757,0.95679],[104.07547,0.95677],[104.07534,0.9567],[104.07512,0.9566],[104.07481,0.95659],[104.07441,0.95667],[104.07407,0.95684],[104.07393,0.95705],[104.07373,0.95756],[104.07301,0.95814],[104.07249,0.95867],[104.07236,0.95878],[104.07224,0.95889],[104.07213,0.95895],[104.07199,0.959],[104.07191,0.95907],[104.07179,0.95937],[104.07177,0.95964],[104.0718,0.95976],[104.07109,0.96036],[104.07101,0.96034],[104.07089,0.96035],[104.0708,0.96037],[104.07073,0.96043],[104.07065,0.96052],[104.07061,0.96061],[104.07053,0.96071],[104.0704,0.96076],[104.07016,0.96092],[104.07003,0.96106],[104.06979,0.96163],[104.06968,0.96186],[104.06938,0.96228],[104.06895,0.96259],[104.0684,0.96269],[104.06759,0.96249],[104.06717,0.96233],[104.06682,0.96206],[104.06637,0.96158],[104.06622,0.96153],[104.06611,0.96155],[104.06546,0.96204],[104.06538,0.96206],[104.06528,0.96205],[104.0652,0.96198],[104.06515,0.96191],[104.06494,0.96149],[104.06487,0.96132],[104.06462,0.96107],[104.06449,0.96096],[104.06431,0.96089],[104.0642,0.96084],[104.064,0.96085],[104.06384,0.96086],[104.0637,0.96085],[104.06353,0.96077],[104.0628,0.95965],[104.06233,0.95886],[104.06206,0.95845],[104.06177,0.95823],[104.06168,0.95814],[104.06164,0.95801],[104.06167,0.95771],[104.06159,0.95756],[104.06147,0.95744],[104.06129,0.95741],[104.06118,0.95741],[104.06105,0.95749],[104.06089,0.95759],[104.06081,0.95776],[104.06077,0.95812],[104.06081,0.95844],[104.06085,0.95868],[104.06102,0.95908],[104.06147,0.95969],[104.06198,0.9603],[104.06229,0.96054],[104.06264,0.96093],[104.06286,0.96108],[104.06314,0.96117],[104.06322,0.96122],[104.06329,0.96132],[104.06328,0.96142],[104.06321,0.96151],[104.0631,0.96174],[104.06301,0.96214],[104.06298,0.96229],[104.06303,0.96258],[104.0631,0.96278],[104.06341,0.96323],[104.06346,0.96344],[104.06349,0.96373],[104.06348,0.96409],[104.0634,0.96461],[104.06328,0.96497],[104.06308,0.96533],[104.06289,0.96558],[104.06269,0.9658],[104.06237,0.96615],[104.0622,0.96634],[104.0619,0.96707],[104.0617,0.96755],[104.06148,0.96826],[104.06126,0.96893],[104.06122,0.9693],[104.06113,0.96962],[104.06094,0.96988],[104.06065,0.9703],[104.06048,0.97069],[104.06033,0.97096],[104.06005,0.9713],[104.05999,0.97143],[104.05999,0.97158],[104.06007,0.97199],[104.06002,0.97277],[104.05988,0.97328],[104.05958,0.97373],[104.05943,0.97387],[104.05926,0.97393],[104.05913,0.97396],[104.05898,0.97394],[104.05884,0.97389],[104.05837,0.97371],[104.0582,0.97367],[104.0581,0.97366],[104.05794,0.97356],[104.05779,0.97346],[104.05769,0.97325],[104.05759,0.9731],[104.05754,0.9729],[104.05758,0.97267],[104.05758,0.97251],[104.05756,0.97239],[104.05749,0.97227],[104.0575,0.97211],[104.05757,0.97198],[104.05766,0.9719],[104.05791,0.97167],[104.05813,0.97141],[104.05851,0.97111],[104.0587,0.97093],[104.0589,0.97071],[104.05899,0.97054],[104.05907,0.9698],[104.05909,0.96914],[104.05907,0.96878],[104.05899,0.96854],[104.05894,0.96843],[104.05884,0.96835],[104.05848,0.96819],[104.05829,0.96807],[104.05819,0.96797],[104.05807,0.9678],[104.05792,0.96756],[104.05778,0.96739],[104.05756,0.96721],[104.05722,0.96706],[104.05707,0.96702],[104.05689,0.967],[104.05667,0.96698],[104.05639,0.96693],[104.05615,0.96692],[104.05596,0.96695],[104.05579,0.96701],[104.05566,0.96701],[104.0554,0.9669],[104.05494,0.96679],[104.05461,0.96672],[104.05419,0.96672],[104.05364,0.96673],[104.05293,0.96669],[104.05226,0.9666],[104.05159,0.96649],[104.05124,0.96635],[104.05103,0.96631],[104.05083,0.9663],[104.05068,0.96637],[104.05051,0.96647],[104.05016,0.96664],[104.04995,0.96665],[104.04915,0.96669],[104.04899,0.96665],[104.04874,0.96656],[104.04859,0.96643],[104.04841,0.96629],[104.04804,0.96605],[104.04783,0.96578],[104.04765,0.96556],[104.04748,0.96544],[104.04734,0.96542],[104.04722,0.96546],[104.04714,0.96552],[104.04703,0.96562],[104.04696,0.96563],[104.04688,0.96563],[104.04682,0.96559],[104.0468,0.9655],[104.04672,0.9654],[104.04664,0.96539],[104.04656,0.96544],[104.04638,0.9656],[104.04627,0.96558],[104.04575,0.96499],[104.0457,0.96493],[104.04573,0.96488],[104.0458,0.96483],[104.046,0.96466],[104.04608,0.96454],[104.04614,0.96446],[104.04611,0.9644],[104.04576,0.96397],[104.04563,0.96381],[104.04556,0.96368],[104.04541,0.96341],[104.04523,0.96295],[104.04512,0.9626],[104.04509,0.96219],[104.04514,0.96182],[104.04525,0.96151],[104.04547,0.96099],[104.04565,0.96065],[104.04591,0.96007],[104.04602,0.95973],[104.04608,0.9594],[104.04603,0.9581],[104.04603,0.95591],[104.046,0.95451],[104.04596,0.95428],[104.04587,0.95418]]],[[[103.89253,1.0114],[103.89295,1.01133],[103.89314,1.01114],[103.89332,1.01084],[103.89357,1.01009],[103.89403,1.00946],[103.89522,1.00816],[103.89572,1.00774],[103.89604,1.00739],[103.89629,1.0072],[103.89662,1.00719],[103.89682,1.00713],[103.89731,1.00686],[103.89775,1.0067],[103.89823,1.00625],[103.89862,1.00577],[103.89914,1.00544],[103.89943,1.00531],[103.89974,1.00505],[103.90033,1.00441],[103.9012,1.0036],[103.90152,1.00347],[103.90176,1.00342],[103.90234,1.00327],[103.90309,1.00318],[103.90355,1.0032],[103.904,1.00328],[103.90448,1.00346],[103.90482,1.0037],[103.90493,1.00392],[103.90517,1.00469],[103.90534,1.00516],[103.90603,1.00576],[103.90625,1.00606],[103.90637,1.00628],[103.90662,1.00643],[103.90685,1.00661],[103.90726,1.00705],[103.90758,1.00726],[103.90777,1.0076],[103.90804,1.00811],[103.90824,1.00825],[103.90849,1.00834],[103.90879,1.00839],[103.90894,1.00835],[103.90918,1.0083],[103.90942,1.00824],[103.90962,1.00822],[103.90977,1.00825],[103.9099,1.0083],[103.91023,1.00841],[103.91046,1.00853],[103.9106,1.00857],[103.91075,1.00857],[103.91093,1.00851],[103.91142,1.00832],[103.91204,1.00814],[103.91257,1.00801],[103.9128,1.00795],[103.9129,1.00795],[103.91294,1.008],[103.91301,1.00817],[103.91306,1.00833],[103.91312,1.00839],[103.91364,1.00864],[103.91388,1.00882],[103.91399,1.00894],[103.91405,1.00906],[103.91412,1.00926],[103.91429,1.00953],[103.91435,1.0097],[103.91447,1.01027],[103.91455,1.01059],[103.91458,1.01085],[103.91464,1.01102],[103.91472,1.01115],[103.9148,1.01126],[103.91492,1.01132],[103.91504,1.01137],[103.91517,1.01141],[103.91532,1.01141],[103.91547,1.01139],[103.91563,1.01135],[103.91577,1.01131],[103.91588,1.01127],[103.91605,1.01122],[103.91615,1.01119],[103.91634,1.01114],[103.91711,1.01115],[103.91765,1.01117],[103.91798,1.01113],[103.91824,1.01115],[103.91845,1.0112],[103.91864,1.01134],[103.91888,1.01158],[103.91927,1.01187],[103.91952,1.01206],[103.91963,1.01221],[103.91968,1.01238],[103.91968,1.01249],[103.91961,1.01267],[103.91944,1.01317],[103.91936,1.01329],[103.91931,1.01336],[103.91924,1.0134],[103.91915,1.01344],[103.91906,1.01348],[103.91902,1.01354],[103.919,1.01363],[103.919,1.01374],[103.91909,1.01409],[103.91916,1.0144],[103.91916,1.01461],[103.9191,1.01484],[103.91902,1.01495],[103.91885,1.01509],[103.91849,1.0154],[103.91811,1.0158],[103.91793,1.01591],[103.91754,1.01612],[103.91738,1.01644],[103.91728,1.0166],[103.91718,1.01672],[103.91712,1.01683],[103.91707,1.01696],[103.91706,1.01716],[103.91702,1.01731],[103.91693,1.01739],[103.91677,1.01744],[103.91657,1.01746],[103.91642,1.01746],[103.9163,1.01753],[103.91618,1.01767],[103.916,1.01787],[103.91584,1.01797],[103.91553,1.01802],[103.91539,1.01806],[103.91513,1.01821],[103.91495,1.01834],[103.91475,1.01844],[103.91414,1.01864],[103.91393,1.01866],[103.91364,1.01868],[103.9134,1.01871],[103.9133,1.01874],[103.91315,1.0188],[103.91305,1.01889],[103.91295,1.01901],[103.91285,1.01909],[103.91238,1.01938],[103.91226,1.01944],[103.91214,1.01946],[103.91202,1.01948],[103.91179,1.01948],[103.91117,1.01949],[103.91105,1.01953],[103.91096,1.01959],[103.91086,1.01972],[103.91078,1.01979],[103.9107,1.01981],[103.91065,1.01981],[103.91059,1.01978],[103.9105,1.01967],[103.91038,1.01951],[103.91029,1.01936],[103.91021,1.01924],[103.91008,1.01913],[103.9099,1.01906],[103.9097,1.01896],[103.90958,1.01891],[103.9095,1.01889],[103.9093,1.01887],[103.90901,1.01893],[103.90869,1.01903],[103.90841,1.01919],[103.90806,1.01942],[103.90776,1.01978],[103.90745,1.02015],[103.9074,1.02027],[103.90737,1.02035],[103.90734,1.02055],[103.90736,1.02068],[103.9074,1.02075],[103.90748,1.0208],[103.9076,1.02085],[103.90772,1.02088],[103.90788,1.02091],[103.90799,1.02091],[103.90811,1.0209],[103.90831,1.02084],[103.90837,1.02085],[103.90842,1.02092],[103.9084,1.02101],[103.90831,1.02122],[103.90822,1.02141],[103.90809,1.02152],[103.908,1.02159],[103.9077,1.0218],[103.90755,1.02194],[103.90752,1.02208],[103.90754,1.0224],[103.90761,1.0226],[103.9076,1.02267],[103.90752,1.02273],[103.90744,1.02277],[103.90736,1.02281],[103.90729,1.02282],[103.90722,1.02282],[103.90715,1.0228],[103.90698,1.02275],[103.90663,1.02261],[103.90645,1.02254],[103.90634,1.02248],[103.90622,1.02247],[103.90614,1.02249],[103.90604,1.02253],[103.906,1.0226],[103.90585,1.02296],[103.90572,1.02335],[103.90569,1.02363],[103.9057,1.02377],[103.90566,1.02395],[103.90556,1.0241],[103.90542,1.02421],[103.90534,1.02437],[103.90536,1.02462],[103.90535,1.02479],[103.90529,1.02497],[103.9052,1.0252],[103.9051,1.02536],[103.90494,1.02555],[103.9048,1.02568],[103.90467,1.02588],[103.90463,1.02599],[103.90463,1.02634],[103.9046,1.02642],[103.90447,1.02676],[103.90448,1.02683],[103.90454,1.02701],[103.90458,1.02711],[103.90459,1.02799],[103.90459,1.02818],[103.90458,1.02831],[103.90454,1.02868],[103.90449,1.02885],[103.90424,1.02933],[103.90412,1.02946],[103.904,1.02951],[103.90388,1.02951],[103.90379,1.02949],[103.90369,1.0295],[103.90361,1.02953],[103.90353,1.02959],[103.90348,1.02967],[103.9035,1.02975],[103.90357,1.02983],[103.90361,1.02991],[103.90362,1.02998],[103.90351,1.03029],[103.9034,1.03052],[103.9033,1.03075],[103.90325,1.03095],[103.90327,1.03106],[103.90329,1.03116],[103.90325,1.03127],[103.90317,1.03137],[103.90316,1.03152],[103.90314,1.03176],[103.90311,1.03185],[103.90303,1.0319],[103.90298,1.03191],[103.90289,1.03192],[103.90284,1.03198],[103.90278,1.03207],[103.9027,1.03243],[103.90267,1.03265],[103.90261,1.03283],[103.90246,1.03302],[103.90237,1.0331],[103.9023,1.03314],[103.90222,1.03314],[103.90217,1.0332],[103.90219,1.03328],[103.90223,1.03333],[103.90229,1.03339],[103.90232,1.03345],[103.9023,1.03351],[103.90225,1.03354],[103.90219,1.03355],[103.90214,1.03358],[103.90215,1.03363],[103.90218,1.0337],[103.90223,1.03381],[103.90228,1.03395],[103.90232,1.03405],[103.90237,1.03412],[103.90239,1.03418],[103.90236,1.03433],[103.9023,1.03447],[103.90226,1.03454],[103.90221,1.03461],[103.90222,1.03468],[103.90228,1.03473],[103.90234,1.03478],[103.90236,1.03484],[103.90238,1.03492],[103.90234,1.03497],[103.90228,1.035],[103.90222,1.03501],[103.90213,1.03502],[103.90206,1.03503],[103.90199,1.03505],[103.90172,1.03526],[103.90148,1.03544],[103.90126,1.03555],[103.90114,1.0356],[103.901,1.03569],[103.90086,1.03583],[103.90061,1.03594],[103.90043,1.03602],[103.90037,1.03609],[103.90032,1.03616],[103.90026,1.03624],[103.90017,1.03629],[103.9,1.03632],[103.89976,1.03637],[103.89955,1.03643],[103.89939,1.03657],[103.89922,1.03666],[103.89908,1.03667],[103.89902,1.03667],[103.89894,1.03668],[103.89885,1.03673],[103.89869,1.03682],[103.89834,1.03702],[103.89813,1.03723],[103.89791,1.03741],[103.89777,1.03762],[103.89764,1.03774],[103.8975,1.03784],[103.8973,1.03791],[103.89696,1.03803],[103.89673,1.03816],[103.89661,1.03824],[103.89655,1.03838],[103.89645,1.03862],[103.89633,1.03872],[103.89574,1.03913],[103.8957,1.03914],[103.89561,1.03913],[103.89555,1.03907],[103.89543,1.03895],[103.89528,1.03881],[103.89521,1.03866],[103.89515,1.03853],[103.89508,1.03831],[103.89498,1.03798],[103.89483,1.0377],[103.89467,1.03742],[103.89454,1.03725],[103.89432,1.03702],[103.89426,1.03686],[103.89418,1.03659],[103.89406,1.03638],[103.8938,1.03589],[103.89372,1.03576],[103.89367,1.03572],[103.89363,1.03566],[103.89357,1.03562],[103.89352,1.03556],[103.89348,1.03547],[103.89346,1.03537],[103.89344,1.03527],[103.89347,1.03517],[103.89352,1.03508],[103.89356,1.03503],[103.8936,1.035],[103.89367,1.03491],[103.89379,1.03478],[103.89388,1.03472],[103.894,1.0347],[103.89406,1.03468],[103.89412,1.0347],[103.89418,1.03473],[103.89425,1.03476],[103.89428,1.03483],[103.89431,1.03488],[103.89432,1.03496],[103.89431,1.03504],[103.8943,1.03514],[103.8943,1.0352],[103.89433,1.03528],[103.89436,1.03534],[103.89441,1.03536],[103.89449,1.03538],[103.89456,1.03535],[103.89462,1.03528],[103.89468,1.03516],[103.89472,1.03503],[103.89472,1.03494],[103.89471,1.03485],[103.89465,1.03476],[103.89459,1.03465],[103.89455,1.03454],[103.89452,1.03435],[103.89453,1.03412],[103.89454,1.03389],[103.89456,1.03359],[103.89461,1.03325],[103.89466,1.03305],[103.89474,1.03287],[103.89479,1.03272],[103.89479,1.03258],[103.89466,1.03221],[103.8946,1.03207],[103.89455,1.03189],[103.89452,1.03166],[103.89454,1.03137],[103.89458,1.03116],[103.89465,1.03105],[103.89474,1.031],[103.89482,1.03089],[103.89486,1.0308],[103.89488,1.0307],[103.89488,1.03059],[103.89484,1.03051],[103.89475,1.03045],[103.89466,1.03042],[103.89457,1.0304],[103.89448,1.03038],[103.89437,1.0304],[103.89427,1.03042],[103.89415,1.03047],[103.89383,1.03066],[103.89351,1.03092],[103.8934,1.03098],[103.89326,1.031],[103.89309,1.03102],[103.89219,1.03116],[103.8921,1.03119],[103.89203,1.03127],[103.89184,1.0316],[103.89173,1.03173],[103.89163,1.03183],[103.89149,1.03196],[103.89133,1.03209],[103.8912,1.03215],[103.89106,1.03218],[103.89075,1.03223],[103.8905,1.03219],[103.8903,1.03214],[103.89002,1.03202],[103.88955,1.03183],[103.88898,1.03154],[103.88882,1.03134],[103.88865,1.0311],[103.88861,1.031],[103.88851,1.03088],[103.8884,1.0308],[103.88831,1.03074],[103.88819,1.0307],[103.8881,1.03067],[103.88795,1.03064],[103.88779,1.03062],[103.88753,1.03057],[103.88736,1.03046],[103.88725,1.03041],[103.8871,1.03033],[103.88701,1.03031],[103.8869,1.03029],[103.88679,1.0303],[103.88655,1.03034],[103.88596,1.03044],[103.88572,1.03048],[103.88551,1.03048],[103.88514,1.03045],[103.88496,1.03038],[103.88484,1.03031],[103.88478,1.03023],[103.88473,1.03016],[103.88474,1.03004],[103.88476,1.02994],[103.8848,1.02983],[103.88485,1.02977],[103.8849,1.02963],[103.885,1.02945],[103.88504,1.02934],[103.88514,1.02925],[103.8854,1.02901],[103.88546,1.02881],[103.88552,1.02865],[103.88559,1.02854],[103.88574,1.0284],[103.8859,1.0283],[103.88605,1.0282],[103.88619,1.02814],[103.88628,1.02806],[103.8863,1.02798],[103.88629,1.02789],[103.88623,1.02775],[103.88622,1.02768],[103.88622,1.02749],[103.88621,1.0273],[103.88617,1.02716],[103.88604,1.02681],[103.88591,1.02655],[103.88581,1.02641],[103.88575,1.02626],[103.88574,1.02616],[103.88575,1.02606],[103.88577,1.02593],[103.88581,1.02582],[103.88588,1.0257],[103.886,1.02558],[103.88625,1.02536],[103.88641,1.02518],[103.88654,1.02514],[103.88673,1.02509],[103.88693,1.02502],[103.88707,1.02495],[103.88718,1.02487],[103.88734,1.02472],[103.88746,1.0245],[103.88808,1.02331],[103.88838,1.02282],[103.88867,1.02246],[103.88887,1.02233],[103.88907,1.02227],[103.88918,1.02223],[103.88927,1.02214],[103.8893,1.02207],[103.8893,1.02188],[103.88922,1.02177],[103.8892,1.02167],[103.88923,1.02153],[103.88925,1.02138],[103.88926,1.02112],[103.8893,1.02087],[103.88933,1.02075],[103.8894,1.02046],[103.88949,1.02035],[103.8896,1.02025],[103.88969,1.02008],[103.88981,1.01988],[103.88996,1.01966],[103.89022,1.01918],[103.89034,1.0189],[103.89044,1.01874],[103.89054,1.01866],[103.89061,1.01859],[103.89104,1.01773],[103.89134,1.01686],[103.89148,1.01662],[103.89168,1.01642],[103.89187,1.01614],[103.89199,1.01582],[103.89207,1.01551],[103.89221,1.01475],[103.89229,1.0143],[103.89229,1.01398],[103.89229,1.01346],[103.89218,1.01292],[103.89215,1.01277],[103.89215,1.01244],[103.89218,1.01216],[103.89223,1.01199],[103.89227,1.01183],[103.8923,1.01173],[103.89239,1.01158],[103.89244,1.0115],[103.89253,1.0114]]],[[[103.89785,1.00142],[103.89878,1.00038],[103.89964,0.99971],[103.90114,0.99954],[103.90202,0.99983],[103.90331,1.00077],[103.90411,1.00161],[103.90557,1.00248],[103.90668,1.00343],[103.90758,1.00434],[103.90772,1.00502],[103.90809,1.00587],[103.90898,1.00636],[103.90953,1.00617],[103.91224,1.00485],[103.91326,1.00592],[103.91419,1.00641],[103.91489,1.00678],[103.91554,1.00711],[103.91713,1.00816],[103.91847,1.00905],[103.91915,1.00949],[103.92074,1.0091],[103.9239,1.00834],[103.92454,1.00696],[103.92528,1.00542],[103.92676,1.00234],[103.92677,1.00007],[103.92677,0.99877],[103.92827,0.99832],[103.93009,0.99779],[103.9315,0.99737],[103.93357,0.9976],[103.93621,0.99788],[103.93666,0.99787],[103.93689,0.99765],[103.93713,0.99736],[103.93725,0.99742],[103.93733,0.99727],[103.93742,0.99713],[103.93769,0.99728],[103.93816,0.99649],[103.93784,0.99618],[103.93804,0.99578],[103.93826,0.99593],[103.9383,0.99585],[103.93811,0.99573],[103.9384,0.99533],[103.93832,0.9946],[103.94095,0.99243],[103.94318,0.99059],[103.94514,0.98898],[103.94695,0.98747],[103.94861,0.98604],[103.95005,0.98479],[103.95109,0.98389],[103.9527,0.98249],[103.9541,0.9813],[103.95579,0.97983],[103.95745,0.97838],[103.95889,0.97714],[103.96024,0.97578],[103.96172,0.97428],[103.96322,0.97277],[103.96357,0.97242],[103.96435,0.97121],[103.96575,0.96903],[103.96706,0.96697],[103.96762,0.96609],[103.96749,0.96496],[103.96734,0.96368],[103.96731,0.96335],[103.96632,0.96245],[103.96604,0.96219],[103.96574,0.96183],[103.96556,0.96161],[103.96548,0.9609],[103.96561,0.96028],[103.96619,0.95947],[103.96703,0.95894],[103.96726,0.95863],[103.96748,0.95807],[103.96746,0.95729],[103.96738,0.95666],[103.96704,0.95555],[103.96639,0.9533],[103.96601,0.95206],[103.96573,0.9506],[103.96525,0.94789],[103.96482,0.94564],[103.96426,0.94282],[103.96396,0.94133],[103.9628,0.94017],[103.96257,0.93931],[103.9625,0.93816],[103.9628,0.93779],[103.96292,0.93749],[103.96284,0.93721],[103.96237,0.93669],[103.96221,0.93625],[103.96221,0.93581],[103.96163,0.93487],[103.96097,0.93432],[103.96035,0.93376],[103.95991,0.93354],[103.95899,0.93384],[103.95846,0.93423],[103.95671,0.93713],[103.95507,0.93887],[103.95467,0.93945],[103.95386,0.94024],[103.95273,0.9406],[103.95207,0.94057],[103.95125,0.94039],[103.95071,0.94039],[103.95037,0.94074],[103.95013,0.94157],[103.95007,0.94191],[103.95014,0.94223],[103.95043,0.94257],[103.95068,0.94312],[103.95137,0.94329],[103.95154,0.94352],[103.95149,0.94359],[103.95132,0.94342],[103.95051,0.94324],[103.95043,0.9428],[103.95,0.94237],[103.94987,0.942],[103.95007,0.9408],[103.95033,0.9404],[103.95067,0.9402],[103.95137,0.94021],[103.95187,0.94028],[103.9524,0.94037],[103.95293,0.94031],[103.95305,0.94028],[103.9536,0.94007],[103.95377,0.93999],[103.95448,0.93937],[103.95464,0.93911],[103.95495,0.93858],[103.95642,0.93698],[103.95715,0.93569],[103.95768,0.93472],[103.95783,0.93425],[103.95778,0.9333],[103.9576,0.93249],[103.95657,0.9313],[103.95475,0.93041],[103.95312,0.92997],[103.951,0.92985],[103.94776,0.92966],[103.94657,0.92907],[103.94398,0.92693],[103.94305,0.92616],[103.94238,0.92423],[103.94202,0.92316],[103.9414,0.92136],[103.94108,0.92042],[103.94133,0.91972],[103.94179,0.91852],[103.94234,0.9171],[103.94268,0.9162],[103.94282,0.91595],[103.94403,0.91561],[103.94468,0.91527],[103.94533,0.91425],[103.94549,0.91313],[103.94501,0.91178],[103.94472,0.91142],[103.94443,0.91135],[103.94428,0.91148],[103.94404,0.91048],[103.94386,0.91038],[103.94368,0.91042],[103.94352,0.91027],[103.94362,0.91003],[103.94376,0.90978],[103.94289,0.90968],[103.94241,0.9101],[103.94213,0.91026],[103.94022,0.91024],[103.93901,0.91174],[103.9382,0.91274],[103.93661,0.91403],[103.93504,0.91532],[103.93369,0.91644],[103.933,0.91699],[103.93264,0.91761],[103.9315,0.91826],[103.9304,0.91891],[103.93028,0.91966],[103.93004,0.92021],[103.9296,0.92068],[103.92879,0.92115],[103.92715,0.9221],[103.92572,0.92296],[103.92476,0.92355],[103.92343,0.92437],[103.92187,0.92521],[103.92089,0.92575],[103.92097,0.92598],[103.92061,0.92653],[103.92013,0.92715],[103.91933,0.92816],[103.91839,0.92935],[103.91778,0.93013],[103.91684,0.93133],[103.91582,0.93192],[103.91458,0.93267],[103.91377,0.93314],[103.91209,0.93415],[103.91145,0.93452],[103.90979,0.93478],[103.9072,0.93518],[103.90503,0.93549],[103.90345,0.93625],[103.90163,0.93712],[103.9011,0.93703],[103.90071,0.93694],[103.90054,0.93673],[103.90018,0.93668],[103.89974,0.93674],[103.89939,0.93721],[103.89832,0.9373],[103.89701,0.93707],[103.89655,0.93721],[103.89555,0.93852],[103.89446,0.9401],[103.89357,0.94145],[103.89267,0.94195],[103.89235,0.94209],[103.89149,0.94272],[103.89084,0.94274],[103.89009,0.94264],[103.88973,0.9426],[103.88825,0.94286],[103.88792,0.94304],[103.88583,0.94422],[103.88503,0.94704],[103.88451,0.94796],[103.8842,0.94829],[103.88365,0.94863],[103.88255,0.94923],[103.88211,0.94958],[103.88167,0.94987],[103.88132,0.95005],[103.88122,0.95049],[103.88154,0.95122],[103.88154,0.95142],[103.88132,0.95169],[103.88135,0.95235],[103.87942,0.95234],[103.87821,0.95237],[103.87395,0.95307],[103.87154,0.95348],[103.86762,0.95641],[103.86358,0.95773],[103.86082,0.9602],[103.8584,0.96244],[103.85513,0.96332],[103.85222,0.96338],[103.84817,0.96669],[103.84386,0.96782],[103.84069,0.97051],[103.83977,0.97132],[103.83696,0.97287],[103.83544,0.97618],[103.8334,0.97836],[103.83357,0.98222],[103.83373,0.98545],[103.8328,0.98887],[103.83165,0.98977],[103.83182,0.99089],[103.83247,0.99147],[103.8333,0.99284],[103.83318,0.99594],[103.83298,1.00102],[103.83346,1.00125],[103.83402,1.00347],[103.83329,1.00633],[103.83115,1.01057],[103.83441,1.01774],[103.83613,1.01758],[103.83841,1.01642],[103.83924,1.01546],[103.83997,1.01515],[103.84087,1.0155],[103.84331,1.01469],[103.84581,1.01478],[103.84924,1.01364],[103.85348,1.01082],[103.85495,1.00883],[103.85655,1.00812],[103.86085,1.00623],[103.86189,1.00582],[103.86417,1.00556],[103.86117,1.00779],[103.86085,1.00953],[103.85966,1.01024],[103.85921,1.01181],[103.85719,1.01228],[103.85621,1.01403],[103.85483,1.01481],[103.85397,1.01671],[103.85242,1.01879],[103.84825,1.02158],[103.84833,1.02394],[103.84982,1.02479],[103.85042,1.02454],[103.85051,1.02484],[103.85087,1.02498],[103.85126,1.02483],[103.85155,1.02438],[103.85167,1.02399],[103.85199,1.02373],[103.85263,1.02363],[103.85289,1.02359],[103.85309,1.02311],[103.85404,1.02249],[103.8543,1.02243],[103.85434,1.02264],[103.85456,1.02282],[103.8549,1.02273],[103.85489,1.0232],[103.85379,1.02454],[103.85366,1.0251],[103.85379,1.02558],[103.85435,1.0257],[103.85441,1.02603],[103.85422,1.02642],[103.8543,1.02694],[103.85458,1.02716],[103.85467,1.02778],[103.85443,1.02826],[103.8553,1.02926],[103.85525,1.02969],[103.85498,1.03002],[103.85461,1.03007],[103.85425,1.03006],[103.85405,1.02993],[103.85361,1.03008],[103.85336,1.0304],[103.85355,1.03089],[103.85347,1.0313],[103.85337,1.03164],[103.85354,1.03192],[103.85349,1.03246],[103.85299,1.03325],[103.8536,1.0338],[103.85503,1.03349],[103.85711,1.03436],[103.85759,1.03405],[103.85827,1.03324],[103.85836,1.03287],[103.8587,1.03266],[103.85948,1.033],[103.86,1.03294],[103.86053,1.0334],[103.86122,1.03342],[103.86235,1.03207],[103.8647,1.03172],[103.86711,1.03196],[103.86771,1.03207],[103.868,1.03223],[103.86806,1.03275],[103.86771,1.03309],[103.86735,1.03418],[103.86666,1.03426],[103.86612,1.03469],[103.86579,1.03528],[103.86602,1.03568],[103.86638,1.03586],[103.86659,1.03621],[103.8667,1.03669],[103.86714,1.03733],[103.86727,1.03765],[103.86764,1.03795],[103.86806,1.03777],[103.86822,1.03746],[103.86856,1.03746],[103.86906,1.0369],[103.86981,1.03679],[103.8701,1.03647],[103.87022,1.03604],[103.87103,1.03574],[103.87138,1.03505],[103.87169,1.03484],[103.8718,1.03464],[103.87224,1.03467],[103.87255,1.03433],[103.87267,1.03325],[103.87296,1.03251],[103.87355,1.0318],[103.87348,1.0315],[103.87341,1.03112],[103.87337,1.03068],[103.87371,1.0307],[103.87426,1.03099],[103.87482,1.03099],[103.87489,1.03044],[103.87512,1.03115],[103.87542,1.03168],[103.87567,1.03255],[103.87645,1.03282],[103.87604,1.03444],[103.8762,1.03511],[103.87772,1.0351],[103.87842,1.03406],[103.87924,1.03376],[103.88046,1.03206],[103.88055,1.03191],[103.88152,1.03125],[103.88229,1.03068],[103.88241,1.03001],[103.88303,1.02923],[103.8833,1.02889],[103.88373,1.02805],[103.88377,1.02782],[103.88368,1.02757],[103.88371,1.0273],[103.88361,1.02711],[103.88355,1.02685],[103.88337,1.02672],[103.88311,1.0268],[103.88283,1.02672],[103.88279,1.0266],[103.88288,1.02644],[103.88323,1.02606],[103.88329,1.02597],[103.88371,1.02527],[103.88329,1.02443],[103.88258,1.02384],[103.882,1.02361],[103.88176,1.02307],[103.88179,1.02238],[103.88168,1.02194],[103.88163,1.02166],[103.88116,1.02114],[103.88098,1.02023],[103.88051,1.01967],[103.88021,1.01968],[103.88005,1.01975],[103.87991,1.01983],[103.87978,1.01994],[103.87948,1.02021],[103.87927,1.02037],[103.87911,1.02047],[103.87904,1.02051],[103.87897,1.02048],[103.87895,1.02041],[103.87899,1.02032],[103.87904,1.02016],[103.87908,1.01997],[103.87902,1.01969],[103.87896,1.01957],[103.87887,1.01949],[103.87875,1.01947],[103.87852,1.01947],[103.87841,1.01943],[103.87837,1.01935],[103.87833,1.01924],[103.87823,1.01916],[103.87802,1.01898],[103.87725,1.01868],[103.87644,1.01893],[103.87585,1.01949],[103.87489,1.01868],[103.8753,1.01816],[103.87592,1.01756],[103.87597,1.01672],[103.87631,1.01616],[103.87685,1.01649],[103.87731,1.01726],[103.87846,1.01751],[103.87878,1.01678],[103.87872,1.01618],[103.87803,1.01586],[103.87784,1.01538],[103.87813,1.01473],[103.87823,1.01391],[103.87723,1.01294],[103.87771,1.01219],[103.8783,1.01262],[103.87899,1.01282],[103.87964,1.0123],[103.88007,1.01261],[103.88049,1.01406],[103.88096,1.0144],[103.88119,1.01457],[103.88197,1.01454],[103.88267,1.01515],[103.88356,1.01532],[103.88419,1.01511],[103.88417,1.01464],[103.88447,1.01386],[103.88537,1.01347],[103.88591,1.01281],[103.88618,1.01216],[103.8866,1.01151],[103.88742,1.0107],[103.88747,1.01065],[103.88759,1.00973],[103.88775,1.00915],[103.88783,1.00877],[103.88883,1.00878],[103.88925,1.00878],[103.88935,1.00879],[103.8907,1.00796],[103.89153,1.00704],[103.89198,1.00657],[103.89253,1.00582],[103.89262,1.00511],[103.89306,1.00487],[103.89405,1.00453],[103.89449,1.00437],[103.8956,1.00414],[103.89646,1.00398],[103.89672,1.00354],[103.89717,1.00278],[103.89724,1.00267],[103.89737,1.00239],[103.89765,1.00184],[103.8978,1.00153],[103.89785,1.00142]]],[[[103.88855,1.01781],[103.88885,1.01752],[103.88898,1.01729],[103.8894,1.01683],[103.88971,1.01641],[103.88992,1.01627],[103.89011,1.01612],[103.89019,1.01595],[103.89021,1.01554],[103.8902,1.01496],[103.89025,1.01468],[103.89034,1.01425],[103.8904,1.01363],[103.89048,1.01339],[103.89055,1.01317],[103.89082,1.01239],[103.89103,1.01186],[103.89112,1.01147],[103.89109,1.01116],[103.89101,1.01083],[103.89086,1.01062],[103.89064,1.01044],[103.89037,1.01033],[103.89008,1.01035],[103.88989,1.01044],[103.88937,1.01091],[103.8892,1.011],[103.88898,1.01114],[103.88868,1.0116],[103.88872,1.01198],[103.88873,1.01216],[103.88869,1.01229],[103.88861,1.01241],[103.88849,1.01252],[103.8883,1.01266],[103.8881,1.0129],[103.888,1.013],[103.88793,1.01306],[103.88786,1.01317],[103.88776,1.01359],[103.88769,1.01393],[103.88747,1.01433],[103.88711,1.01496],[103.88685,1.01529],[103.88644,1.01556],[103.8861,1.01573],[103.88584,1.01586],[103.88555,1.01607],[103.88527,1.01646],[103.88509,1.01665],[103.88494,1.01684],[103.88487,1.01704],[103.8848,1.01751],[103.88477,1.01759],[103.88468,1.01769],[103.88456,1.01777],[103.8844,1.0179],[103.88433,1.01798],[103.88425,1.01813],[103.88421,1.01835],[103.88418,1.01848],[103.88413,1.01872],[103.88397,1.0191],[103.88389,1.01922],[103.88378,1.01931],[103.8837,1.01938],[103.88362,1.01953],[103.88356,1.01986],[103.88355,1.02011],[103.88365,1.02022],[103.88381,1.02026],[103.88395,1.02029],[103.884,1.02036],[103.88404,1.02046],[103.88401,1.02056],[103.88384,1.02062],[103.88367,1.02071],[103.88346,1.02085],[103.8832,1.02119],[103.88303,1.02158],[103.88298,1.02179],[103.88298,1.02209],[103.88306,1.02226],[103.88319,1.02242],[103.88327,1.02252],[103.88327,1.02267],[103.88335,1.02277],[103.88354,1.02285],[103.88384,1.02291],[103.88403,1.02292],[103.8841,1.02296],[103.88416,1.02305],[103.88426,1.02317],[103.88439,1.02329],[103.88447,1.02337],[103.88454,1.02343],[103.88463,1.02346],[103.88474,1.02346],[103.88482,1.02342],[103.88495,1.02335],[103.88504,1.02329],[103.88529,1.02319],[103.88579,1.02301],[103.88612,1.02286],[103.88628,1.02274],[103.88635,1.02263],[103.88637,1.02252],[103.88652,1.02202],[103.88661,1.02186],[103.88678,1.02161],[103.88718,1.02108],[103.8873,1.02093],[103.88759,1.02069],[103.88765,1.02059],[103.8877,1.02051],[103.88776,1.02031],[103.88785,1.01987],[103.88796,1.01958],[103.88806,1.01936],[103.88823,1.01915],[103.88833,1.01901],[103.88838,1.01893],[103.88843,1.01856],[103.8885,1.0182],[103.88849,1.01802],[103.88851,1.0179],[103.88855,1.01781]]],[[[103.94907,0.9914],[103.95195,0.98999],[103.95244,0.98978],[103.95319,0.98968],[103.95357,0.98955],[103.95379,0.9894],[103.9545,0.98856],[103.95544,0.98743],[103.9556,0.98728],[103.95601,0.98708],[103.95782,0.98677],[103.95815,0.9866],[103.95842,0.98638],[103.95862,0.98582],[103.95884,0.98484],[103.95883,0.98465],[103.95901,0.98426],[103.95938,0.98402],[103.95992,0.98394],[103.96028,0.98379],[103.96041,0.98363],[103.96059,0.98328],[103.96067,0.98288],[103.96085,0.98248],[103.96107,0.98231],[103.96137,0.98222],[103.96207,0.98231],[103.96233,0.98218],[103.9626,0.98183],[103.96279,0.98134],[103.96295,0.98113],[103.96539,0.9791],[103.96569,0.97882],[103.96587,0.97859],[103.9662,0.97819],[103.96627,0.97781],[103.96606,0.97666],[103.96616,0.97619],[103.96635,0.97576],[103.96674,0.9755],[103.96792,0.9751],[103.96871,0.97496],[103.96903,0.97504],[103.96914,0.97506],[103.96966,0.97533],[103.96989,0.97532],[103.9701,0.97518],[103.97025,0.97475],[103.97042,0.9744],[103.97068,0.97423],[103.97098,0.97426],[103.97135,0.97447],[103.97152,0.97459],[103.97171,0.97474],[103.97211,0.97486],[103.9724,0.97484],[103.97261,0.97479],[103.97294,0.97464],[103.97318,0.9745],[103.9736,0.97414],[103.97391,0.97389],[103.97425,0.97374],[103.97458,0.97375],[103.97512,0.97402],[103.97547,0.97432],[103.97572,0.97478],[103.9767,0.97645],[103.97751,0.97779],[103.97762,0.97795],[103.97798,0.97888],[103.97821,0.97948],[103.9784,0.98034],[103.97821,0.9812],[103.97792,0.98173],[103.9775,0.98211],[103.97686,0.98237],[103.97564,0.98278],[103.97559,0.98279],[103.97472,0.98326],[103.97427,0.9835],[103.97343,0.98413],[103.97217,0.98511],[103.9718,0.98539],[103.97136,0.98575],[103.97084,0.98633],[103.97012,0.98712],[103.96968,0.98763],[103.96905,0.98836],[103.96872,0.98878],[103.96833,0.98925],[103.96758,0.99005],[103.96724,0.99039],[103.96663,0.99089],[103.96627,0.99118],[103.96599,0.99134],[103.9654,0.99163],[103.96511,0.99176],[103.96486,0.99188],[103.96467,0.99196],[103.96456,0.99202],[103.96406,0.99222],[103.96363,0.9924],[103.96319,0.99256],[103.96292,0.99265],[103.96221,0.99293],[103.96106,0.99335],[103.96076,0.99346],[103.96018,0.99383],[103.95944,0.99466],[103.95896,0.99567],[103.95865,0.99602],[103.95845,0.99617],[103.95813,0.99621],[103.95798,0.99622],[103.95736,0.99621],[103.95651,0.99632],[103.95552,0.9965],[103.95461,0.99665],[103.95365,0.99706],[103.95317,0.99723],[103.9527,0.99768],[103.95202,0.99854],[103.95147,0.99924],[103.951,0.99958],[103.95042,0.99979],[103.9498,0.99972],[103.94908,0.99946],[103.9488,0.99934],[103.94707,0.99874],[103.94616,0.9984],[103.94515,0.99822],[103.94468,0.99823],[103.94403,0.99839],[103.94375,0.99853],[103.94346,0.99867],[103.94306,0.99899],[103.94286,0.9991],[103.9428,0.99912],[103.94254,0.99915],[103.94246,0.99912],[103.94239,0.9991],[103.94235,0.99899],[103.94239,0.9989],[103.94252,0.99867],[103.94275,0.99832],[103.94321,0.99789],[103.94366,0.99764],[103.94402,0.99751],[103.94454,0.99734],[103.94472,0.99721],[103.94489,0.99708],[103.94537,0.99629],[103.94571,0.99604],[103.94583,0.99592],[103.94612,0.9958],[103.94639,0.99566],[103.94705,0.9955],[103.94738,0.9953],[103.94808,0.9944],[103.94833,0.99381],[103.94849,0.99352],[103.94859,0.99311],[103.94875,0.99239],[103.94903,0.99151],[103.94913,0.99143],[103.94907,0.9914]]]]}}],"source":"Satu Data Kota Batam — https://satudata.batam.go.id/data/peta (frontend/lumia/js/kecamatan.js), diambil 2026-09-28"}